poll_id,numeric_grade,methodology,transparency_score,end_date,sample_size,pollster_name,state,pct,duration,num_trump
88301,2.8,Live Phone,8,2024-10-29,3380,Christopher Newport University Wason Center for Civic Leadership,Missouri,41.6,118,1405
88078,3.1,Online Panel,9,2024-09-04,3333,Selzer & Co.,West Virginia,49.5,159,1651
88392,3.8,Live Phone,6,2024-07-23,520,SurveyUSA/High Point University Survey Research Center,Montana,52.2,153,272
88837,3.4,Online Panel,6,2024-08-10,2748,Roanoke College Institute for Policy and Opinion Research,Massachusetts,37.2,171,1021
88874,4,Mixed Voting,4,2024-10-15,2192,University of North Florida Public Opinion Research Lab,Mississippi,45.6,175,1000
88250,3.9,Online Panel,9,2024-08-24,682,Marquette University Law School,Wisconsin,39.2,121,267
88545,2.5,Mixed Voting,4,2024-10-24,2461,Suffolk University,Washington,37.9,178,933
88708,3.2,Online Ad,7,2024-09-27,383,CNN/SSRS,New Mexico,42,130,161
88146,2.9,Mixed Voting,4,2024-09-13,1918,Marquette University Law School,Maine,54.3,157,1041
88192,3.9,Online Panel,7,2024-08-28,2606,University of California Berkeley Institute of Governmental Studies,Maryland,43,101,1122
88917,3.6,Live Phone,8,2024-07-16,1612,Public Policy Institute of California,Washington,48.8,132,786
88356,2.9,Online Ad,9,2024-10-04,3006,Public Policy Institute of California,Vermont,46.1,198,1386
88914,3.2,Online Panel,10,2024-08-03,2638,SurveyUSA/High Point University Survey Research Center,North Dakota,53.3,138,1407
88260,3.8,Mixed Voting,5,2024-08-18,2818,Roanoke College Institute for Policy and Opinion Research,Virginia,49,174,1380
88726,3.6,Live Phone,6,2024-09-03,3182,Quinnipiac University,National,36.6,179,1165
88764,3.2,Live Phone,9,2024-08-18,1437,University of Massachusetts Lowell Center for Public Opinion/YouGov,Hawaii,48.8,106,701
88873,3.3,Mixed Voting,10,2024-07-19,1680,Christopher Newport University Wason Center for Civic Leadership,Michigan,47,132,789
88811,2.8,Online Panel,6,2024-07-18,1277,Data Orbital,Iowa,38.4,172,491
88742,3,Mixed Voting,7,2024-08-11,1463,SurveyUSA,Utah,43.6,90,638
88050,3.6,Mixed Voting,9,2024-10-09,2003,AtlasIntel,Minnesota,42.1,173,844
88593,2.6,Online Panel,6,2024-07-25,2555,University of North Florida Public Opinion Research Lab,Vermont,36.6,167,936
88626,2.9,Online Ad,5,2024-07-29,1773,Roanoke College Institute for Policy and Opinion Research,Delaware,51.9,92,920
88842,3.8,Mixed Voting,4,2024-09-20,432,University of Massachusetts Lowell Center for Public Opinion/YouGov,New Jersey,43,173,186
88675,3.8,Live Phone,7,2024-07-19,557,SurveyUSA/High Point University Survey Research Center,District of Columbia,37.2,173,207
88475,3,Online Panel,8,2024-08-12,3236,Public Policy Institute of California,North Dakota,46.6,174,1507
88665,3.5,Online Panel,7,2024-10-31,1516,The Washington Post/George Mason University Schar School of Policy and Government,South Carolina,48,125,728
88766,3.7,Online Ad,8,2024-09-15,3481,The Washington Post/University of Maryland Center for Democracy and Civic Engagement,Montana,42.6,120,1481
88906,2.9,Online Ad,9,2024-08-14,3288,Emerson College,Pennsylvania,42.3,109,1390
88268,3,Mixed Voting,9,2024-09-01,1462,YouGov/Center for Working Class Politics,Michigan,37.2,119,543
88659,2.6,Online Ad,6,2024-07-28,2525,Elon University,New Mexico,51.6,98,1303
88844,3.1,Live Phone,9,2024-10-01,890,Quinnipiac University,Ohio,50.6,132,450
88942,2.5,Online Ad,6,2024-10-07,2564,Data Orbital,Georgia,45.2,199,1160
88596,3.2,Mixed Voting,9,2024-07-31,598,YouGov Blue,Idaho,40.7,141,243
88310,3.8,Live Phone,10,2024-08-24,1707,Suffolk University,Arizona,49.1,186,838
88170,4,Live Phone,4,2024-08-22,1581,East Carolina University Center for Survey Research,New York,39,189,616
88926,3.6,Mixed Voting,5,2024-09-16,3211,University of Massachusetts Lowell Center for Public Opinion/YouGov,Rhode Island,51.1,161,1640
88247,3.7,Mixed Voting,10,2024-09-20,601,CNN/SSRS,Mississippi,54.6,185,328
88027,3.8,Live Phone,4,2024-07-21,556,SurveyUSA,Louisiana,52.6,139,292
88766,2.5,Mixed Voting,10,2024-08-12,3355,University of New Hampshire Survey Center,Arkansas,50.7,188,1702
88754,3.1,Online Ad,10,2024-09-12,2201,The Washington Post/University of Maryland Center for Democracy and Civic Engagement,New Hampshire,35.1,92,773
88729,2.7,Online Panel,8,2024-09-12,1908,Roanoke College Institute for Policy and Opinion Research,New Jersey,43.9,139,838
88974,3.5,Online Ad,6,2024-09-04,2651,The Washington Post,Alabama,41.6,98,1102
88411,3.4,Mixed Voting,5,2024-10-03,2953,Roanoke College Institute for Policy and Opinion Research,Maine,47.4,175,1399
88609,3.4,Online Panel,10,2024-10-14,1795,Siena College,California,49.2,101,883
88392,2.8,Online Ad,10,2024-10-13,560,High Point University Survey Research Center,New Hampshire,41.8,152,234
88640,3.9,Mixed Voting,7,2024-09-01,1345,University of California Berkeley Institute of Governmental Studies,Idaho,43.7,94,588
88191,3.9,Live Phone,7,2024-08-22,1194,The Washington Post/University of Maryland Center for Democracy and Civic Engagement,West Virginia,49.4,176,590
88557,3.9,Live Phone,5,2024-10-01,1024,Quinnipiac University,Oklahoma,55,141,563
88038,3.6,Online Ad,8,2024-08-19,3476,AtlasIntel,South Dakota,38.1,155,1324
88047,2.6,Online Panel,4,2024-10-23,1320,The New York Times/Siena College,Maine,52.6,85,695
88944,2.7,Online Ad,4,2024-09-27,1648,Beacon Research/Shaw & Company Research,Arizona,49.7,166,819
88823,3.7,Online Panel,6,2024-09-24,2538,Emerson College,Ohio,50,177,1270
88134,2.5,Online Ad,5,2024-08-15,2567,CNN/SSRS,Illinois,40.6,100,1042
88571,3,Online Ad,7,2024-07-29,1521,University of California Berkeley Institute of Governmental Studies,Iowa,49.1,151,747
88391,3.4,Online Ad,7,2024-08-21,1964,Winthrop University Center for Public Opinion & Policy Research,North Carolina,35.1,142,690
88858,3.1,Online Ad,6,2024-08-28,945,Remington Research Group,Florida,39.2,97,370
88228,3.6,Live Phone,8,2024-08-05,647,SurveyUSA/High Point University Survey Research Center,Louisiana,41.8,90,270
88284,3.6,Mixed Voting,10,2024-08-03,844,High Point University Survey Research Center,Alaska,50.8,99,429
88865,3.9,Live Phone,10,2024-09-19,3427,Mason-Dixon Polling & Strategy,Pennsylvania,49.4,178,1693
88814,3.2,Online Panel,5,2024-09-23,1843,Suffolk University,Louisiana,41.7,195,768
88940,3.5,Online Ad,9,2024-08-10,1173,MassINC Polling Group,Kansas,49.5,176,581
88806,3.4,Online Panel,6,2024-10-10,2235,The Washington Post/University of Maryland Center for Democracy and Civic Engagement,Washington,50.9,146,1137
88407,3.6,Mixed Voting,6,2024-08-22,3064,University of North Florida Public Opinion Research Lab,Michigan,49,157,1501
88619,2.8,Online Panel,8,2024-09-08,1665,SurveyUSA,Virginia,43.2,115,718
88492,3.3,Mixed Voting,6,2024-10-05,2340,Suffolk University,Virginia,48.4,181,1133
88512,2.6,Online Ad,5,2024-09-22,1684,The Washington Post/University of Maryland Center for Democracy and Civic Engagement,Utah,43.2,154,727
88899,3,Mixed Voting,5,2024-07-31,2839,YouGov/Center for Working Class Politics,Colorado,40.4,132,1146
88498,3.8,Online Ad,6,2024-08-29,2183,University of North Florida Public Opinion Research Lab,Montana,51.4,156,1122
88236,3.7,Online Ad,8,2024-09-18,550,The Washington Post/University of Maryland Center for Democracy and Civic Engagement,Indiana,39.8,172,219
88858,3.9,Online Ad,10,2024-08-09,822,Quinnipiac University,Oklahoma,46.1,199,379
88669,2.6,Online Panel,8,2024-08-01,1130,Remington Research Group,Mississippi,40.2,160,454
88150,2.5,Online Ad,10,2024-10-31,1884,Remington Research Group,Maine,36,116,678
88311,4,Mixed Voting,6,2024-08-05,782,MassINC Polling Group,Hawaii,52,96,407
88200,4,Online Ad,10,2024-08-23,1303,University of California Berkeley Institute of Governmental Studies,District of Columbia,51.9,179,676
88394,2.9,Online Panel,5,2024-07-19,327,SurveyUSA/High Point University Survey Research Center,Arizona,36.7,187,120
88871,3.1,Online Panel,4,2024-08-31,1853,Elon University,Alaska,44,165,814
88308,3,Online Panel,10,2024-10-19,782,Selzer & Co.,Utah,37.4,146,292
88488,3.3,Online Panel,10,2024-09-17,3040,Roanoke College Institute for Policy and Opinion Research,Arizona,35.2,183,1071
88820,3.2,Online Panel,8,2024-08-27,1386,Public Policy Institute of California,West Virginia,49.3,85,683
88607,3.8,Online Ad,10,2024-08-01,670,CNN/SSRS,Maryland,53.9,187,361
88385,2.7,Online Panel,7,2024-08-15,3445,Remington Research Group,Connecticut,49.7,138,1714
88985,2.5,Mixed Voting,9,2024-08-31,848,High Point University Survey Research Center,Rhode Island,48.2,127,408
88212,3.5,Live Phone,5,2024-10-23,2360,Winthrop University Center for Public Opinion & Policy Research,Nevada,53.4,183,1259
88463,2.7,Mixed Voting,8,2024-07-30,630,Elon University,Georgia,54.8,158,345
88582,2.7,Online Ad,5,2024-10-03,1052,Public Policy Institute of California,Colorado,35.4,140,372
88107,3,Mixed Voting,9,2024-08-26,396,SurveyUSA,Hawaii,39.5,117,157
88996,3.1,Live Phone,9,2024-10-07,2486,Christopher Newport University Wason Center for Civic Leadership,Idaho,51.4,155,1277
88594,2.6,Online Ad,10,2024-09-11,903,Mason-Dixon Polling & Strategy,Illinois,53.9,159,487
88281,3.9,Live Phone,10,2024-10-15,3366,University of California Berkeley Institute of Governmental Studies,Nevada,39.1,176,1317
88099,3.3,Mixed Voting,8,2024-09-06,3251,Public Policy Institute of California,Iowa,50.1,171,1628
88890,3.5,Mixed Voting,9,2024-08-31,1555,University of Massachusetts Lowell Center for Public Opinion/YouGov,National,45.3,145,704
88178,3.2,Live Phone,4,2024-09-18,2139,High Point University Survey Research Center,Maryland,48,160,1027
88893,3.4,Mixed Voting,5,2024-10-01,1220,Roanoke College Institute for Policy and Opinion Research,Delaware,37,177,451
88466,2.8,Online Panel,10,2024-10-09,1203,Siena College,Wyoming,46.3,164,557
88029,3.2,Live Phone,5,2024-09-09,1056,East Carolina University Center for Survey Research,Georgia,39.9,197,421
88170,2.7,Online Panel,7,2024-08-02,3192,YouGov/Center for Working Class Politics,National,38.5,190,1230
88206,3.9,Online Panel,4,2024-10-21,929,Marquette University Law School,Arizona,53.4,130,496
88576,3.7,Online Panel,4,2024-08-24,2931,The Washington Post/University of Maryland Center for Democracy and Civic Engagement,Wisconsin,47,189,1377
88856,4,Online Ad,9,2024-08-11,863,University of Massachusetts Lowell Center for Public Opinion/YouGov,Maryland,37,107,320
88480,3.5,Online Panel,7,2024-09-28,2406,CNN/SSRS,New Mexico,43.7,96,1053
88623,2.7,Live Phone,6,2024-07-23,3142,Public Policy Institute of California,Maryland,48.4,194,1521
88875,2.7,Mixed Voting,9,2024-08-21,588,YouGov Blue,Hawaii,47.2,100,278
88557,2.7,Mixed Voting,9,2024-10-12,2428,The New York Times/Siena College,New York,35.4,152,859
88970,3.9,Online Panel,4,2024-08-17,2152,Selzer & Co.,Connecticut,44.8,160,964
88151,2.7,Live Phone,4,2024-10-04,1234,Muhlenberg College Institute of Public Opinion,Mississippi,44.4,94,547
88279,3.4,Online Ad,5,2024-07-23,3185,University of North Florida Public Opinion Research Lab,North Dakota,42.3,109,1348
88368,3.4,Live Phone,10,2024-10-04,1352,Selzer & Co.,Utah,45.4,106,614
88299,3.2,Mixed Voting,7,2024-09-17,1448,AtlasIntel,South Dakota,43,188,622
88636,3.2,Online Ad,5,2024-07-24,513,Elon University,Nevada,50.7,96,260
88293,2.7,Live Phone,9,2024-08-15,2823,Mason-Dixon Polling & Strategy,New Jersey,49.7,115,1402
88979,2.6,Online Ad,4,2024-08-30,2074,Remington Research Group,District of Columbia,43.1,147,893
88022,2.6,Mixed Voting,6,2024-09-30,1500,The New York Times/Siena College,North Dakota,43.9,195,659
88093,3.2,Mixed Voting,8,2024-10-24,3156,SurveyUSA/High Point University Survey Research Center,Illinois,49.8,131,1571
88505,3,Online Ad,10,2024-10-03,758,Data Orbital,Georgia,51.3,96,389
88171,3.6,Online Panel,10,2024-07-31,899,MassINC Polling Group,Rhode Island,37.7,107,339
88732,3.8,Online Ad,8,2024-07-17,1703,YouGov Blue,Indiana,51.6,131,879
88456,3.2,Online Panel,9,2024-08-05,2602,The Washington Post/University of Maryland Center for Democracy and Civic Engagement,Ohio,50.3,100,1308
88460,3.3,Online Panel,6,2024-10-11,3210,YouGov/Center for Working Class Politics,Colorado,39.6,189,1272
88462,2.7,Live Phone,5,2024-08-14,2632,Selzer & Co.,Nevada,36.2,144,954
88030,3.1,Live Phone,8,2024-09-09,2121,University of California Berkeley Institute of Governmental Studies,Michigan,48.1,103,1021
88731,2.6,Live Phone,6,2024-09-02,2967,University of North Florida Public Opinion Research Lab,Ohio,36.6,122,1086
88879,3.9,Mixed Voting,7,2024-10-01,1886,The Washington Post,Illinois,46.6,113,879
88521,2.6,Online Ad,5,2024-10-01,1685,Marquette University Law School,New Hampshire,35.9,105,605
88606,2.7,Mixed Voting,9,2024-07-25,1651,Selzer & Co.,Alabama,45.6,141,752
88683,2.5,Live Phone,8,2024-07-25,668,Winthrop University Center for Public Opinion & Policy Research,Missouri,54.3,146,362
88804,4,Online Panel,6,2024-07-27,1328,Selzer & Co.,Wyoming,51.6,108,685
88251,2.7,Live Phone,4,2024-09-27,730,SurveyUSA,Maryland,45.1,111,329
88309,2.8,Live Phone,6,2024-10-26,2588,Marist College,New Mexico,37.4,138,968
88577,2.7,Mixed Voting,7,2024-07-16,2597,SurveyUSA/High Point University Survey Research Center,Virginia,38.5,148,1000
88013,2.7,Live Phone,5,2024-09-01,1985,Emerson College,Virginia,43.5,158,863
88340,2.7,Online Panel,9,2024-08-22,3314,Christopher Newport University Wason Center for Civic Leadership,Alabama,47.1,147,1562
88973,3.9,Online Ad,5,2024-08-02,311,Roanoke College Institute for Policy and Opinion Research,New Mexico,51.7,174,161
88991,3.8,Online Panel,9,2024-10-20,921,YouGov Blue,Delaware,41.7,197,384
88539,2.7,Live Phone,10,2024-07-30,732,Quinnipiac University,Alaska,43.9,197,321
88369,3.9,Live Phone,5,2024-09-26,1567,Data Orbital,Kansas,39.9,106,625
88381,3.3,Live Phone,5,2024-09-11,2902,Christopher Newport University Wason Center for Civic Leadership,Utah,41.2,189,1196
88601,2.6,Online Ad,4,2024-08-24,1292,University of North Florida Public Opinion Research Lab,California,49.3,129,636
88255,3.4,Online Panel,9,2024-09-07,1257,MassINC Polling Group,South Dakota,51.5,141,647
88023,3.7,Online Ad,5,2024-08-18,2304,The Washington Post/University of Maryland Center for Democracy and Civic Engagement,Virginia,43.8,160,1009
88868,4,Online Ad,8,2024-09-01,2260,Elon University,Tennessee,46.2,86,1045
88345,3.5,Online Panel,6,2024-09-10,3500,YouGov,South Carolina,51.2,158,1793
88048,2.6,Live Phone,6,2024-10-08,2331,The New York Times/Siena College,Maryland,52.7,99,1228
88007,2.9,Online Ad,8,2024-09-06,1706,University of North Florida Public Opinion Research Lab,Pennsylvania,38.5,112,657
88529,3.7,Online Ad,5,2024-09-14,2241,Christopher Newport University Wason Center for Civic Leadership,Georgia,53.1,196,1190
88018,4,Mixed Voting,8,2024-09-10,2691,Winthrop University Center for Public Opinion & Policy Research,Florida,43.7,163,1176
88370,3.5,Live Phone,4,2024-08-28,1467,Elon University,Rhode Island,37.2,124,546
88841,2.9,Online Ad,4,2024-08-01,3207,Remington Research Group,North Dakota,38.5,116,1236
88444,3.5,Live Phone,7,2024-07-26,1243,Muhlenberg College Institute of Public Opinion,Colorado,43.6,181,542
88679,3.5,Online Ad,9,2024-08-08,1346,Quinnipiac University,New Hampshire,42.9,175,577
88085,3.5,Online Ad,7,2024-09-30,2331,AtlasIntel,Washington,35.8,179,835
88630,2.5,Online Panel,5,2024-08-01,2888,Roanoke College Institute for Policy and Opinion Research,Louisiana,41.8,126,1206
88776,3.4,Online Ad,4,2024-07-27,2812,YouGov,Minnesota,38.3,152,1077
88584,3.5,Online Panel,9,2024-08-24,3333,The Washington Post/University of Maryland Center for Democracy and Civic Engagement,Massachusetts,39.1,188,1304
88542,2.5,Online Panel,10,2024-08-30,626,YouGov Blue,Idaho,49.4,184,309
88508,3.5,Online Ad,10,2024-07-22,2710,University of New Hampshire Survey Center,Massachusetts,47.1,156,1278
88044,3.3,Mixed Voting,5,2024-08-17,1478,Suffolk University,Missouri,38.6,94,570
88211,2.8,Online Ad,6,2024-08-01,2866,Beacon Research/Shaw & Company Research,North Carolina,44.7,190,1280
88552,3.5,Live Phone,10,2024-09-06,1945,Roanoke College Institute for Policy and Opinion Research,Washington,54.3,125,1057
88845,2.9,Mixed Voting,7,2024-08-27,789,Elon University,Indiana,53.2,129,420
88037,3.2,Mixed Voting,7,2024-09-25,1387,Data Orbital,Delaware,52.5,159,728
88515,3.3,Live Phone,8,2024-07-20,1064,Mason-Dixon Polling & Strategy,West Virginia,47.2,176,502
88565,3.2,Online Ad,10,2024-09-15,1896,Selzer & Co.,Nevada,50.4,169,955
88817,2.6,Live Phone,7,2024-09-03,3059,Siena College,Wisconsin,54.3,161,1661
88202,3.7,Online Panel,8,2024-08-20,3207,Quinnipiac University,Arizona,48.2,122,1547
88011,3.4,Live Phone,5,2024-08-21,2877,YouGov/Center for Working Class Politics,National,42.7,138,1227
88332,2.9,Online Ad,4,2024-09-06,3054,Selzer & Co.,Connecticut,38.5,142,1175
88361,2.9,Mixed Voting,4,2024-08-12,2528,Beacon Research/Shaw & Company Research,Massachusetts,39.5,97,997
88534,3.4,Online Panel,6,2024-08-31,1420,University of California Berkeley Institute of Governmental Studies,Vermont,49.1,178,697
88619,3.1,Online Panel,9,2024-10-23,2064,Suffolk University,Tennessee,47.6,106,983
88691,3.3,Mixed Voting,8,2024-08-31,1992,University of New Hampshire Survey Center,New Mexico,37.7,85,751
88851,3.2,Live Phone,7,2024-10-12,2253,AtlasIntel,Maine,48.9,198,1101
88852,3,Mixed Voting,7,2024-08-06,1617,SurveyUSA/High Point University Survey Research Center,Kansas,40.8,99,659
88276,3.3,Live Phone,10,2024-08-06,3038,Elon University,Missouri,39.9,113,1213
88007,3.2,Mixed Voting,5,2024-09-12,1827,Muhlenberg College Institute of Public Opinion,National,53.8,174,983
88546,3.9,Mixed Voting,4,2024-08-28,987,YouGov Blue,Michigan,53.6,196,529
88239,3.1,Mixed Voting,8,2024-10-19,3457,Quinnipiac University,Colorado,54.3,132,1878
88506,3.5,Online Panel,10,2024-09-23,702,Winthrop University Center for Public Opinion & Policy Research,South Carolina,41.1,148,289
88764,2.8,Online Panel,8,2024-09-07,673,Selzer & Co.,New York,46.9,125,316
88006,3.9,Online Panel,6,2024-07-31,819,YouGov,Washington,40.8,160,334
88501,2.5,Online Ad,4,2024-08-29,1017,University of New Hampshire Survey Center,Maryland,35.7,120,363
88550,3.1,Online Ad,10,2024-08-20,2418,The Washington Post/George Mason University Schar School of Policy and Government,North Carolina,40.4,149,976
88084,3.7,Online Panel,7,2024-08-27,2539,The Washington Post,Oklahoma,46.6,184,1183
88936,3.8,Mixed Voting,8,2024-07-19,1572,Roanoke College Institute for Policy and Opinion Research,Michigan,46.6,195,732
88295,4,Live Phone,9,2024-10-11,305,Mason-Dixon Polling & Strategy,Pennsylvania,48.8,191,149
88788,3.1,Mixed Voting,8,2024-10-22,2284,Muhlenberg College Institute of Public Opinion,Louisiana,43.6,154,995
88833,2.6,Online Ad,8,2024-10-26,1550,Marist College,Delaware,50.9,180,789
88353,4,Online Ad,6,2024-10-27,2174,Roanoke College Institute for Policy and Opinion Research,Minnesota,47.4,129,1031
88397,3.9,Live Phone,10,2024-07-30,1614,East Carolina University Center for Survey Research,Pennsylvania,35.6,157,575
88777,2.9,Mixed Voting,10,2024-10-28,694,High Point University Survey Research Center,Pennsylvania,47.9,161,332
88613,3.1,Mixed Voting,5,2024-10-06,1512,The Washington Post/University of Maryland Center for Democracy and Civic Engagement,Colorado,36,172,545
88534,3.9,Online Ad,10,2024-09-25,1486,Marist College,Hawaii,54.7,152,812
88779,3.6,Mixed Voting,4,2024-10-04,1137,YouGov Blue,Oregon,45.5,174,517
88047,3.4,Mixed Voting,10,2024-10-01,3493,Quinnipiac University,North Dakota,46.3,155,1618
88647,3.1,Online Ad,5,2024-10-02,1605,The Washington Post/George Mason University Schar School of Policy and Government,California,38.2,181,612
88674,3,Mixed Voting,7,2024-09-27,1632,YouGov/Center for Working Class Politics,Utah,37.6,135,614
88959,2.8,Mixed Voting,6,2024-09-11,933,Marquette University Law School,Montana,54.6,155,510
88992,3,Online Ad,9,2024-08-24,696,Roanoke College Institute for Policy and Opinion Research,New Mexico,39.4,97,274
88875,3.8,Online Ad,10,2024-10-25,2644,Christopher Newport University Wason Center for Civic Leadership,Georgia,51.6,136,1366
88716,2.9,Online Ad,10,2024-08-18,919,Marquette University Law School,Montana,49.8,173,458
88098,2.5,Live Phone,7,2024-07-17,3424,AtlasIntel,Kansas,41.9,178,1433
88088,2.9,Live Phone,9,2024-09-22,1619,University of North Florida Public Opinion Research Lab,Tennessee,49.2,185,797
88549,3.2,Live Phone,4,2024-08-18,806,Elon University,Louisiana,51.1,102,412
88088,3.2,Online Panel,8,2024-08-11,902,The Washington Post/George Mason University Schar School of Policy and Government,Vermont,52.4,166,472
88613,2.8,Online Ad,5,2024-09-13,3317,Data Orbital,Iowa,51.9,116,1721
88550,2.9,Mixed Voting,8,2024-09-12,2173,University of North Florida Public Opinion Research Lab,New York,45.8,89,994
88746,2.8,Mixed Voting,4,2024-10-13,523,Muhlenberg College Institute of Public Opinion,Kentucky,38.3,194,200
88889,3.9,Live Phone,4,2024-10-28,775,Elon University,New York,52.9,158,410
88985,2.5,Live Phone,6,2024-08-03,2150,CNN/SSRS,North Dakota,41.6,134,893
88929,3.5,Online Ad,8,2024-10-10,2883,Marist College,Georgia,53.2,108,1534
88010,3.2,Online Panel,7,2024-10-02,349,Marquette University Law School,Massachusetts,38.2,183,133
88546,3.8,Live Phone,4,2024-08-16,452,SurveyUSA,Hawaii,47.9,186,217
88687,2.6,Live Phone,5,2024-10-10,1322,Remington Research Group,Texas,39.1,146,517
88321,2.9,Online Ad,7,2024-09-15,999,Quinnipiac University,Wyoming,35.4,157,354
88118,2.9,Live Phone,9,2024-10-08,1418,Suffolk University,Minnesota,36.6,193,519
88337,3.9,Online Panel,6,2024-10-24,558,The Washington Post/University of Maryland Center for Democracy and Civic Engagement,Georgia,35.3,159,197
88997,3.4,Live Phone,7,2024-07-27,3298,Mason-Dixon Polling & Strategy,Wyoming,54.7,138,1803
88447,3.2,Mixed Voting,5,2024-08-28,575,High Point University Survey Research Center,Massachusetts,48.4,133,279
88387,3.9,Live Phone,6,2024-07-29,2018,University of New Hampshire Survey Center,Massachusetts,51.6,189,1041
88883,3.3,Online Ad,8,2024-10-21,632,Elon University,Hawaii,54.4,174,344
88874,4,Mixed Voting,4,2024-08-29,1701,SurveyUSA,Maryland,36.2,139,615
88991,3.2,Online Ad,9,2024-09-26,613,Christopher Newport University Wason Center for Civic Leadership,Washington,54.7,155,335
88990,3.9,Live Phone,7,2024-08-29,2466,Winthrop University Center for Public Opinion & Policy Research,South Carolina,53.5,123,1319
88753,2.6,Online Ad,7,2024-08-14,641,Remington Research Group,Colorado,36.9,138,236
88599,3.4,Online Ad,9,2024-10-30,2484,CNN/SSRS,Virginia,54.1,114,1344
88379,2.8,Online Panel,8,2024-10-27,1122,Christopher Newport University Wason Center for Civic Leadership,Iowa,49.6,177,557
88883,3.5,Live Phone,7,2024-08-19,1908,Mason-Dixon Polling & Strategy,Maryland,50.8,194,970
88085,3.6,Online Ad,10,2024-09-23,431,Suffolk University,Iowa,46.1,144,199
88912,3.9,Online Ad,4,2024-09-26,1675,Siena College,Pennsylvania,46.6,133,780
88103,3.7,Online Ad,8,2024-10-24,308,The Washington Post/George Mason University Schar School of Policy and Government,South Carolina,42,145,129
88444,3.9,Mixed Voting,9,2024-09-17,1310,University of California Berkeley Institute of Governmental Studies,Vermont,40.8,187,534
88389,2.5,Mixed Voting,8,2024-08-16,2688,The New York Times/Siena College,Colorado,51.3,188,1378
88154,2.8,Mixed Voting,10,2024-10-04,467,YouGov,Oregon,50,121,233
88700,2.7,Online Panel,8,2024-08-18,557,AtlasIntel,Washington,52.7,194,293
88118,2.9,Mixed Voting,10,2024-10-30,3298,Elon University,Montana,53.3,168,1756
88531,2.7,Live Phone,5,2024-09-07,3052,Data Orbital,National,49.3,188,1504
88099,3.4,Online Panel,4,2024-09-15,2118,Christopher Newport University Wason Center for Civic Leadership,Iowa,54,137,1145
88527,3.6,Online Ad,8,2024-09-07,2110,YouGov Blue,Indiana,41.7,148,880
88240,2.6,Live Phone,6,2024-07-24,457,Selzer & Co.,Minnesota,45.9,96,210
88202,3.1,Online Ad,7,2024-07-29,1142,SurveyUSA/High Point University Survey Research Center,Wisconsin,46.1,119,526
88553,3,Online Ad,5,2024-10-06,3483,YouGov,Vermont,37.3,126,1297
88970,3.8,Live Phone,6,2024-08-17,2517,YouGov/Center for Working Class Politics,Nebraska,40.4,142,1017
88885,3.7,Online Ad,10,2024-08-28,797,University of North Florida Public Opinion Research Lab,Maine,50.4,92,402
88240,3.1,Online Ad,9,2024-08-20,823,Remington Research Group,Kansas,40.8,200,336
88268,3,Online Panel,10,2024-10-31,850,SurveyUSA/High Point University Survey Research Center,Massachusetts,37.1,85,315
88474,2.5,Online Panel,10,2024-10-01,3396,YouGov Blue,Texas,39.1,181,1327
88461,3.9,Mixed Voting,8,2024-07-21,1469,Roanoke College Institute for Policy and Opinion Research,Nevada,46.5,91,683
88351,3.5,Online Panel,9,2024-10-21,3489,Christopher Newport University Wason Center for Civic Leadership,New Jersey,51.6,147,1799
88507,2.5,Mixed Voting,8,2024-10-04,2937,SurveyUSA/High Point University Survey Research Center,North Carolina,48.4,157,1421
88170,3.2,Online Ad,6,2024-10-28,397,Siena College,Mississippi,44.8,152,178
88161,4,Online Panel,5,2024-10-15,477,The Washington Post/University of Maryland Center for Democracy and Civic Engagement,Idaho,38.7,153,184
88010,3,Online Panel,5,2024-09-06,3308,Emerson College,Mississippi,40.5,124,1341
88059,3.6,Mixed Voting,6,2024-07-25,1913,Marquette University Law School,Illinois,49.7,167,950
88398,3.8,Live Phone,10,2024-10-29,2331,CNN/SSRS,Maine,37.1,183,865
88975,4,Online Ad,5,2024-08-25,1211,Siena College,New Jersey,50.6,160,612
88528,4,Live Phone,4,2024-08-02,465,Winthrop University Center for Public Opinion & Policy Research,Oklahoma,48.2,132,224
88691,3.3,Online Panel,7,2024-08-08,1824,Emerson College,Minnesota,54.7,146,998
88313,3.3,Online Ad,4,2024-09-30,1042,The Washington Post/University of Maryland Center for Democracy and Civic Engagement,Hawaii,37.9,169,395
88051,3.5,Online Panel,4,2024-09-15,579,Mason-Dixon Polling & Strategy,South Dakota,44.5,91,258
88183,3.2,Online Ad,4,2024-07-31,3268,East Carolina University Center for Survey Research,Maine,38.6,151,1261
88265,2.6,Mixed Voting,10,2024-08-19,1688,Beacon Research/Shaw & Company Research,Wyoming,52.1,158,879
88192,3.5,Live Phone,9,2024-09-19,378,Suffolk University,Maryland,35.3,162,133
88519,3.9,Mixed Voting,6,2024-09-06,357,YouGov,Oregon,39.6,189,141
88377,3.4,Online Panel,4,2024-10-17,1401,High Point University Survey Research Center,Alaska,41.5,155,582
88992,3.3,Live Phone,5,2024-09-08,3282,YouGov/Center for Working Class Politics,Colorado,51.8,145,1700
88393,3.4,Online Ad,4,2024-08-14,2928,Winthrop University Center for Public Opinion & Policy Research,Rhode Island,54.6,125,1599
88766,2.5,Mixed Voting,8,2024-08-11,3358,Muhlenberg College Institute of Public Opinion,Vermont,36,183,1208
88259,3.9,Online Panel,7,2024-09-05,655,YouGov/Center for Working Class Politics,Vermont,39.5,190,259
88626,2.7,Mixed Voting,9,2024-08-13,977,Christopher Newport University Wason Center for Civic Leadership,Tennessee,46.8,139,458
88169,3.6,Online Panel,9,2024-08-22,2930,Data Orbital,Idaho,41.9,185,1227
88728,3.8,Online Ad,7,2024-09-26,350,Remington Research Group,Rhode Island,38.3,96,134
88870,3.7,Online Panel,7,2024-08-04,2247,YouGov,Virginia,43.4,113,975
88331,3.3,Live Phone,4,2024-09-18,3328,YouGov Blue,Kansas,52.9,147,1760
88116,3.2,Online Panel,7,2024-08-08,1620,CNN/SSRS,Michigan,35.4,96,573
88473,3.1,Online Ad,10,2024-09-09,1257,University of California Berkeley Institute of Governmental Studies,South Carolina,46.8,199,588
88829,3.8,Online Panel,7,2024-09-25,1722,SurveyUSA/High Point University Survey Research Center,California,41.1,160,708
88044,3.3,Online Panel,8,2024-08-02,1634,Siena College,Delaware,53.9,177,880
88290,3.1,Online Panel,5,2024-09-11,3303,University of Massachusetts Lowell Center for Public Opinion/YouGov,Nevada,49.1,196,1620
88395,4,Online Panel,9,2024-08-05,2160,Marquette University Law School,North Dakota,41.8,165,902
88358,2.5,Online Panel,10,2024-08-15,3330,AtlasIntel,Nebraska,41.9,136,1394
88379,2.8,Live Phone,9,2024-10-29,1778,SurveyUSA/High Point University Survey Research Center,Texas,47.4,138,843
88179,3.8,Online Ad,8,2024-10-22,3434,University of North Florida Public Opinion Research Lab,Wyoming,45.8,120,1574
88652,3.9,Mixed Voting,5,2024-08-14,1241,SurveyUSA/High Point University Survey Research Center,Hawaii,52.1,168,647
88114,4,Online Ad,4,2024-10-19,1059,Emerson College,Maine,46.7,139,495
88461,3,Online Ad,4,2024-08-12,1415,University of California Berkeley Institute of Governmental Studies,Arkansas,39.7,173,561
88093,4,Online Ad,8,2024-10-27,2877,Quinnipiac University,Georgia,49.5,148,1424
88934,2.5,Online Ad,6,2024-09-28,955,Siena College,Illinois,49.7,186,474
88748,2.6,Online Panel,10,2024-09-22,3344,YouGov Blue,Tennessee,43.9,152,1468
88238,3.5,Live Phone,7,2024-07-17,1890,East Carolina University Center for Survey Research,Hawaii,48.4,191,914
88203,3.6,Online Ad,7,2024-10-11,816,YouGov/Center for Working Class Politics,New York,50.8,189,414
88832,3.4,Live Phone,10,2024-07-18,1385,Suffolk University,Texas,54.3,126,752
88149,2.6,Online Panel,6,2024-10-09,502,MassINC Polling Group,California,54.2,175,272
88070,3.6,Online Ad,6,2024-10-13,1761,Emerson College,Wyoming,51.3,89,903
88883,3.4,Live Phone,6,2024-08-16,1622,The Washington Post/University of Maryland Center for Democracy and Civic Engagement,Connecticut,37.9,169,615
88848,2.6,Mixed Voting,6,2024-08-20,3237,SurveyUSA/High Point University Survey Research Center,South Carolina,43.3,145,1403
88643,3.7,Online Panel,9,2024-10-12,1182,CNN/SSRS,Texas,46.9,126,554
88930,3.7,Mixed Voting,4,2024-09-10,879,Elon University,Nevada,54.7,108,481
88044,2.8,Mixed Voting,8,2024-10-25,1892,University of Massachusetts Lowell Center for Public Opinion/YouGov,Texas,37.5,86,709
88305,3.2,Mixed Voting,4,2024-09-22,1297,University of California Berkeley Institute of Governmental Studies,Montana,54.5,113,707
88681,3.3,Online Ad,5,2024-09-28,2875,University of California Berkeley Institute of Governmental Studies,National,54.7,120,1573
88552,3.3,Online Ad,8,2024-08-05,1837,Public Policy Institute of California,Vermont,50,194,918
88385,3.9,Live Phone,7,2024-09-22,1073,YouGov,Texas,42.5,91,457
88907,3.1,Online Ad,7,2024-07-31,2558,High Point University Survey Research Center,Idaho,37.5,133,960
88434,3.9,Live Phone,10,2024-10-16,2950,University of North Florida Public Opinion Research Lab,Minnesota,43.9,140,1294
88664,2.6,Live Phone,6,2024-10-04,3262,Elon University,California,43.2,101,1408
88537,3,Online Panel,9,2024-08-08,481,Selzer & Co.,New York,42.1,149,203
88197,3.7,Online Ad,4,2024-08-27,2908,University of North Florida Public Opinion Research Lab,Hawaii,53.4,192,1554
88821,2.9,Online Panel,6,2024-07-30,1276,University of New Hampshire Survey Center,California,39.1,125,499
88275,3.1,Online Ad,9,2024-08-24,2205,Selzer & Co.,Oregon,39.4,167,869
88987,3.6,Online Ad,10,2024-09-01,1921,Remington Research Group,Vermont,54.7,163,1050
88329,2.6,Mixed Voting,6,2024-09-28,1514,Marist College,Mississippi,41.6,151,631
88195,3.1,Online Panel,5,2024-08-18,2438,Elon University,Wisconsin,39.8,124,971
88676,2.9,Online Panel,4,2024-10-30,948,AtlasIntel,Montana,53.9,114,511
88255,3.7,Mixed Voting,4,2024-10-20,3403,University of Massachusetts Lowell Center for Public Opinion/YouGov,North Carolina,44.2,179,1503
88278,3.4,Online Ad,9,2024-08-18,1403,The Washington Post/George Mason University Schar School of Policy and Government,Vermont,48.5,91,681
88903,2.5,Online Panel,6,2024-08-13,370,Muhlenberg College Institute of Public Opinion,Louisiana,45.1,123,167
88306,2.7,Online Ad,6,2024-08-14,979,University of California Berkeley Institute of Governmental Studies,Rhode Island,41.3,115,404
88554,3.5,Live Phone,5,2024-07-27,2446,The Washington Post/George Mason University Schar School of Policy and Government,Kansas,44.8,136,1096
88373,3.3,Mixed Voting,10,2024-07-31,2054,The Washington Post,Connecticut,46.3,143,951
88576,3.6,Online Ad,9,2024-08-06,1637,Suffolk University,Texas,35.8,133,587
88368,2.9,Online Ad,5,2024-10-27,1487,The Washington Post,Wyoming,54.8,132,815
88971,3.4,Mixed Voting,7,2024-09-03,3050,AtlasIntel,Tennessee,40,153,1219
88026,3.7,Online Panel,5,2024-08-22,2631,SurveyUSA,North Carolina,44.1,150,1161
88031,2.9,Online Panel,7,2024-08-10,2168,Marist College,New Hampshire,44.7,200,970
88856,4,Mixed Voting,9,2024-08-19,2284,Public Policy Institute of California,Maine,47.7,193,1090
88865,3.4,Online Ad,7,2024-08-26,484,Data Orbital,Illinois,53.7,145,260
88920,2.5,Online Ad,7,2024-07-30,3218,Siena College,South Carolina,51.5,117,1658
88579,3.1,Online Ad,4,2024-07-26,2751,East Carolina University Center for Survey Research,New Hampshire,46.5,125,1280
88169,3,Online Ad,10,2024-10-28,2339,SurveyUSA,Louisiana,38.7,107,905
88976,3.2,Online Ad,5,2024-09-22,849,Marist College,Pennsylvania,48.5,175,412
88082,2.5,Online Panel,5,2024-08-17,382,University of New Hampshire Survey Center,Missouri,54.2,159,207
88217,3.6,Live Phone,7,2024-10-31,1852,YouGov Blue,Washington,46.8,135,866
88417,3.8,Mixed Voting,8,2024-10-06,1548,Roanoke College Institute for Policy and Opinion Research,Ohio,37.8,157,586
88322,2.6,Mixed Voting,4,2024-07-29,1539,Quinnipiac University,Mississippi,45.3,123,697
88913,2.8,Live Phone,5,2024-10-08,616,Public Policy Institute of California,Oklahoma,39.7,138,245
88705,3.1,Live Phone,8,2024-08-31,2449,Elon University,Oklahoma,37.1,132,907
88549,2.7,Online Ad,6,2024-10-11,600,Elon University,Florida,40.9,150,245
88839,3.3,Mixed Voting,8,2024-07-18,1462,Winthrop University Center for Public Opinion & Policy Research,Nebraska,45,99,657
88183,3.7,Live Phone,10,2024-08-10,2106,SurveyUSA,West Virginia,43.5,167,916
88990,3.8,Online Ad,7,2024-08-30,740,YouGov,Indiana,43.4,132,321
88461,3,Online Ad,5,2024-08-02,759,High Point University Survey Research Center,Hawaii,42.7,171,324
88014,3.7,Mixed Voting,6,2024-09-12,392,Suffolk University,North Carolina,36.3,122,142
88043,3.7,Live Phone,5,2024-08-22,2982,Mason-Dixon Polling & Strategy,Illinois,44.2,137,1317
88501,2.6,Mixed Voting,9,2024-08-09,1642,YouGov/Center for Working Class Politics,New Mexico,40.5,162,665
88050,3.3,Online Panel,4,2024-08-09,2042,SurveyUSA,South Dakota,53.6,113,1094
88730,3.5,Mixed Voting,8,2024-09-02,1698,MassINC Polling Group,California,50.2,181,853
88590,2.8,Online Ad,5,2024-08-17,649,Data Orbital,Florida,36.6,104,237
88089,3.9,Online Ad,7,2024-07-17,1024,University of Massachusetts Lowell Center for Public Opinion/YouGov,Delaware,46.9,128,481
88275,2.7,Online Ad,6,2024-08-29,1297,Marist College,Nebraska,40.5,169,525
88222,3.8,Online Ad,6,2024-09-22,2602,Suffolk University,Oklahoma,39.4,119,1025
88685,3.7,Online Ad,4,2024-10-08,2184,Suffolk University,Florida,50.9,171,1112
88387,3,Online Ad,7,2024-10-21,999,East Carolina University Center for Survey Research,Virginia,48.6,131,485
88354,2.6,Online Panel,10,2024-10-17,3267,AtlasIntel,Tennessee,49,190,1602
88532,2.7,Live Phone,8,2024-08-08,1666,University of Massachusetts Lowell Center for Public Opinion/YouGov,Wisconsin,53.9,182,898
88502,2.6,Live Phone,5,2024-09-22,2573,Christopher Newport University Wason Center for Civic Leadership,Ohio,35.8,174,921
88630,3.1,Mixed Voting,9,2024-09-04,1691,YouGov/Center for Working Class Politics,Kentucky,48,148,812
88620,3.2,Online Ad,5,2024-08-07,3127,Marist College,Arkansas,37,163,1157
88872,4,Mixed Voting,5,2024-10-11,2365,High Point University Survey Research Center,Alaska,37.2,143,879
88742,3.2,Mixed Voting,7,2024-08-05,2052,Selzer & Co.,New Jersey,46.2,86,948
88349,3.1,Live Phone,9,2024-09-26,2081,YouGov,South Dakota,41.3,101,860
88424,2.8,Online Panel,6,2024-09-20,1578,The Washington Post,New York,37.5,145,592
88826,3.3,Online Panel,5,2024-07-29,3194,Mason-Dixon Polling & Strategy,Wisconsin,40,119,1277
88005,2.8,Live Phone,6,2024-08-28,2583,The Washington Post/George Mason University Schar School of Policy and Government,Montana,53.7,115,1386
88952,3.2,Live Phone,4,2024-09-20,1906,Remington Research Group,California,53.8,110,1025
88519,3.3,Live Phone,9,2024-08-11,1539,Public Policy Institute of California,Hawaii,40.4,117,622
88632,3.4,Online Panel,6,2024-08-11,2652,Roanoke College Institute for Policy and Opinion Research,Wisconsin,51.9,184,1377
88272,3.2,Mixed Voting,8,2024-10-23,573,YouGov,New Hampshire,42.5,196,244
88414,2.7,Mixed Voting,9,2024-07-30,623,MassINC Polling Group,Colorado,52.7,130,328
88759,3.2,Mixed Voting,5,2024-07-28,1832,High Point University Survey Research Center,Indiana,54.3,175,995
88093,3.1,Online Panel,7,2024-10-16,768,East Carolina University Center for Survey Research,Florida,47.7,190,366
88070,4,Online Panel,9,2024-07-31,530,Remington Research Group,Hawaii,53.1,115,282
88079,2.9,Online Panel,10,2024-08-22,2839,CNN/SSRS,Arizona,40.1,181,1137
88634,2.8,Live Phone,6,2024-08-16,522,The Washington Post,Iowa,44.4,162,232
88919,3.1,Online Ad,8,2024-08-01,1869,High Point University Survey Research Center,Virginia,50.1,124,936
88463,3.4,Live Phone,8,2024-09-11,2076,Winthrop University Center for Public Opinion & Policy Research,Montana,46.1,135,957
88423,3.4,Live Phone,6,2024-09-21,2616,Siena College,Kentucky,49.6,138,1299
88397,2.6,Mixed Voting,8,2024-08-20,3273,Elon University,Oregon,38,135,1243
88008,2.9,Live Phone,6,2024-09-18,2864,Emerson College,Ohio,47.2,189,1350
88234,2.5,Mixed Voting,10,2024-10-11,2621,High Point University Survey Research Center,Georgia,41.5,200,1088
88171,2.6,Online Panel,9,2024-09-21,3106,CNN/SSRS,North Carolina,42.4,171,1318
88256,3.1,Online Ad,7,2024-09-15,3109,Remington Research Group,Florida,45.4,88,1410
88715,3.7,Mixed Voting,9,2024-09-16,909,YouGov Blue,Hawaii,48.8,113,444
88958,2.9,Live Phone,8,2024-08-28,2903,Winthrop University Center for Public Opinion & Policy Research,North Dakota,46.5,193,1351
88369,3.9,Online Panel,10,2024-08-12,944,Mason-Dixon Polling & Strategy,Hawaii,47.8,104,451
88841,2.6,Online Panel,7,2024-10-21,3492,YouGov,National,47.5,170,1658
88529,3.5,Mixed Voting,8,2024-07-17,3077,CNN/SSRS,Colorado,35.5,162,1091
88799,3.7,Online Ad,4,2024-10-22,2665,Winthrop University Center for Public Opinion & Policy Research,Oregon,42.6,89,1135
88128,3.5,Mixed Voting,5,2024-08-05,3379,The Washington Post/George Mason University Schar School of Policy and Government,Pennsylvania,47.7,107,1611
88739,3.4,Online Panel,4,2024-10-22,1688,University of California Berkeley Institute of Governmental Studies,Missouri,53,112,895
88560,3.3,Mixed Voting,9,2024-07-22,991,Marist College,Arkansas,46.2,95,458
88155,3.2,Live Phone,5,2024-07-29,3280,University of Massachusetts Lowell Center for Public Opinion/YouGov,Oregon,41.6,101,1363
88230,2.6,Online Ad,9,2024-10-10,601,Data Orbital,Wisconsin,48.8,112,293
88770,3.3,Live Phone,6,2024-08-26,1954,Marist College,Pennsylvania,51.7,181,1010
88785,3.9,Online Ad,9,2024-08-22,3080,Remington Research Group,North Carolina,45,195,1385
88636,3,Online Panel,8,2024-08-30,1987,Christopher Newport University Wason Center for Civic Leadership,Tennessee,49.8,126,990
88950,3.9,Mixed Voting,4,2024-08-11,1025,YouGov Blue,Texas,52.4,129,537
88182,3.1,Online Ad,8,2024-07-21,3120,Public Policy Institute of California,District of Columbia,40.2,161,1255
88855,3.9,Live Phone,5,2024-09-13,923,Mason-Dixon Polling & Strategy,Alabama,38.5,160,355
88309,2.8,Mixed Voting,7,2024-09-30,3435,Mason-Dixon Polling & Strategy,Montana,50.4,100,1730
88566,2.9,Online Ad,7,2024-09-05,1270,University of New Hampshire Survey Center,Hawaii,47.7,177,606
88748,2.5,Online Ad,7,2024-08-09,1713,CNN/SSRS,Kentucky,36.4,198,624
88099,3.8,Mixed Voting,10,2024-09-07,2756,SurveyUSA,Wisconsin,53.2,103,1467
88303,2.7,Live Phone,4,2024-10-22,461,YouGov/Center for Working Class Politics,Kansas,50.7,110,234
88123,2.9,Live Phone,4,2024-09-11,2847,University of California Berkeley Institute of Governmental Studies,Colorado,45.2,183,1286
88056,2.6,Mixed Voting,9,2024-07-19,2836,University of North Florida Public Opinion Research Lab,Arizona,46.9,130,1331
88271,2.7,Online Ad,4,2024-10-01,2147,The Washington Post/George Mason University Schar School of Policy and Government,Minnesota,47.7,177,1023
88021,3.5,Mixed Voting,8,2024-10-21,488,Remington Research Group,North Carolina,36.4,170,178
88944,3.5,Mixed Voting,6,2024-10-19,1169,High Point University Survey Research Center,Vermont,40.5,179,474
88957,3.3,Live Phone,5,2024-09-22,3230,AtlasIntel,Wyoming,52.3,113,1690
88074,4,Live Phone,4,2024-07-21,2239,Beacon Research/Shaw & Company Research,Utah,39,132,872
88372,3.6,Mixed Voting,8,2024-08-20,1088,Winthrop University Center for Public Opinion & Policy Research,Rhode Island,42.5,119,463
88405,2.8,Online Ad,4,2024-09-16,402,MassINC Polling Group,Montana,43.4,161,174
88417,3.2,Mixed Voting,7,2024-07-21,1974,Mason-Dixon Polling & Strategy,Hawaii,54.4,87,1074
88871,2.6,Online Panel,9,2024-09-05,2726,Mason-Dixon Polling & Strategy,Tennessee,51.5,87,1404
88110,3,Online Ad,5,2024-09-15,765,University of California Berkeley Institute of Governmental Studies,Missouri,41.9,177,321
88705,4,Online Ad,5,2024-09-01,730,East Carolina University Center for Survey Research,Maryland,48.3,173,352
88049,3.4,Live Phone,4,2024-07-21,696,Muhlenberg College Institute of Public Opinion,Kentucky,51,159,355
88574,2.7,Online Panel,6,2024-08-10,1417,The Washington Post/University of Maryland Center for Democracy and Civic Engagement,Florida,36.4,97,515
88600,2.8,Live Phone,8,2024-10-08,2045,The Washington Post,Kentucky,38.3,142,784
88728,2.8,Mixed Voting,5,2024-09-06,2142,MassINC Polling Group,Georgia,40.7,174,871
88023,3.7,Mixed Voting,6,2024-09-21,1108,University of California Berkeley Institute of Governmental Studies,Indiana,51.7,119,572
88367,2.8,Online Panel,10,2024-09-08,1235,Muhlenberg College Institute of Public Opinion,Montana,44.1,129,544
88722,3.2,Live Phone,5,2024-09-29,2916,Quinnipiac University,Missouri,46.5,179,1356
88631,3.6,Mixed Voting,4,2024-09-19,1188,MassINC Polling Group,Virginia,42.6,91,506
88522,3.1,Mixed Voting,6,2024-09-14,561,Public Policy Institute of California,New York,50.3,190,282
88995,2.8,Online Panel,8,2024-10-18,2412,The Washington Post/George Mason University Schar School of Policy and Government,Kansas,43.2,149,1041
88410,3.1,Online Ad,6,2024-10-31,304,Data Orbital,Maryland,39.9,124,121
88479,3.1,Mixed Voting,6,2024-08-25,2182,Selzer & Co.,Kansas,52.1,156,1137
88072,2.8,Online Panel,4,2024-08-27,570,Christopher Newport University Wason Center for Civic Leadership,New York,51.2,164,292
88923,3.9,Mixed Voting,10,2024-08-15,3300,Marist College,Arizona,36.8,175,1216
88065,3.3,Mixed Voting,4,2024-10-02,444,University of Massachusetts Lowell Center for Public Opinion/YouGov,Vermont,49.4,155,219
88349,4,Online Panel,4,2024-08-02,3337,University of North Florida Public Opinion Research Lab,Georgia,36.5,92,1219
88133,2.7,Online Panel,6,2024-09-26,2355,The New York Times/Siena College,Massachusetts,37.9,115,892
88658,3.9,Mixed Voting,9,2024-10-07,849,CNN/SSRS,Indiana,53.7,162,456
88102,3.9,Live Phone,6,2024-08-24,2488,The Washington Post/University of Maryland Center for Democracy and Civic Engagement,Arkansas,40,117,996
88676,3.9,Live Phone,7,2024-10-07,1380,Emerson College,Pennsylvania,53.8,196,743
88794,3.5,Online Panel,7,2024-08-16,1242,The Washington Post/George Mason University Schar School of Policy and Government,New Jersey,47.3,130,587
88495,2.7,Mixed Voting,7,2024-09-03,3303,University of New Hampshire Survey Center,Nebraska,48.5,174,1600
88225,3.8,Mixed Voting,6,2024-10-21,1676,Quinnipiac University,Nevada,42.2,138,707
88383,3.1,Online Panel,5,2024-10-09,3216,Beacon Research/Shaw & Company Research,Colorado,44.8,188,1439
88395,2.6,Live Phone,8,2024-09-21,1617,University of North Florida Public Opinion Research Lab,Virginia,41.2,189,666
88712,2.5,Live Phone,9,2024-08-16,1424,SurveyUSA,Mississippi,51.9,91,739
88752,3.4,Live Phone,9,2024-08-28,701,University of New Hampshire Survey Center,Hawaii,44.1,125,309
88571,2.9,Live Phone,6,2024-08-19,2540,Marquette University Law School,Georgia,35.3,150,897
88747,3.3,Live Phone,9,2024-07-15,1722,High Point University Survey Research Center,Ohio,50.8,91,874
88548,2.7,Live Phone,5,2024-10-04,3419,Siena College,Hawaii,46.8,164,1599
88504,2.8,Online Panel,6,2024-08-26,1387,Selzer & Co.,North Dakota,42.6,95,591
88559,3.9,Online Ad,10,2024-09-19,1960,YouGov,Florida,53.7,112,1053
88045,3.2,Online Panel,4,2024-10-23,1922,CNN/SSRS,Mississippi,46.1,150,885
88137,2.5,Online Panel,9,2024-09-17,1974,The New York Times/Siena College,Maine,48.5,93,957
88836,2.7,Mixed Voting,10,2024-10-14,2306,Siena College,Missouri,50.6,117,1167
88122,3.3,Online Panel,4,2024-08-30,2608,The New York Times/Siena College,Nebraska,41.7,140,1087
88938,3.9,Online Ad,9,2024-08-30,2886,AtlasIntel,Vermont,47.6,168,1373
88787,2.7,Live Phone,6,2024-10-18,3145,SurveyUSA,District of Columbia,43.1,92,1357
88468,3.5,Mixed Voting,5,2024-09-13,1409,Siena College,Alabama,46.7,101,658
88099,3.4,Online Ad,7,2024-09-06,1465,Suffolk University,Florida,49.6,124,727
88895,3.7,Online Panel,7,2024-08-20,1315,AtlasIntel,Missouri,37,150,487
88639,3.9,Online Panel,10,2024-10-13,1799,The Washington Post/University of Maryland Center for Democracy and Civic Engagement,Texas,38.8,127,699
88945,4,Online Panel,6,2024-10-31,2902,CNN/SSRS,South Dakota,39.1,136,1136
88294,3,Online Ad,10,2024-09-12,1832,Marist College,District of Columbia,41.1,179,753
88780,2.8,Mixed Voting,6,2024-08-12,2060,Mason-Dixon Polling & Strategy,North Carolina,52.8,104,1087
88277,3.8,Online Panel,6,2024-08-20,1451,Elon University,Nebraska,50.1,152,727
88618,3.1,Live Phone,6,2024-10-19,357,Data Orbital,Washington,47.3,199,169
88196,3.5,Online Panel,6,2024-09-07,2232,The Washington Post,New Hampshire,51.3,90,1145
88797,3,Online Ad,9,2024-07-26,2810,High Point University Survey Research Center,Nevada,49.4,171,1387
88036,3.4,Online Ad,5,2024-09-22,1485,High Point University Survey Research Center,New York,43.5,148,646
88482,3.8,Mixed Voting,10,2024-07-19,759,University of Massachusetts Lowell Center for Public Opinion/YouGov,Alaska,38.9,195,295
88577,3.2,Live Phone,10,2024-08-21,1629,SurveyUSA/High Point University Survey Research Center,Wisconsin,42,123,684
88416,3.8,Online Panel,7,2024-08-28,1025,High Point University Survey Research Center,Arizona,45.4,191,465
88861,3.2,Live Phone,10,2024-07-17,2247,Winthrop University Center for Public Opinion & Policy Research,Alabama,45.5,193,1022
88652,3.5,Online Panel,8,2024-08-03,1329,Muhlenberg College Institute of Public Opinion,North Carolina,47.8,85,635
88125,2.6,Live Phone,9,2024-08-04,2368,University of California Berkeley Institute of Governmental Studies,Wyoming,40.1,150,948
88620,4,Mixed Voting,5,2024-08-05,2337,Suffolk University,South Dakota,43.3,89,1013
88482,3.3,Online Ad,7,2024-08-05,3286,University of New Hampshire Survey Center,Oklahoma,47.6,164,1565
88207,2.5,Mixed Voting,9,2024-08-03,1149,Mason-Dixon Polling & Strategy,North Carolina,36.8,117,423
88639,3.9,Online Panel,9,2024-08-09,2100,Roanoke College Institute for Policy and Opinion Research,Alaska,39.1,145,822
88702,3.5,Online Panel,6,2024-09-24,1071,Muhlenberg College Institute of Public Opinion,Wisconsin,42.4,132,454
88179,3.5,Online Panel,10,2024-07-30,1374,Suffolk University,Maine,47.1,171,647
88663,3,Online Ad,8,2024-08-03,1026,University of Massachusetts Lowell Center for Public Opinion/YouGov,Kentucky,39.3,185,403
88758,3.5,Live Phone,9,2024-10-21,1566,Data Orbital,California,50.9,157,797
88962,3.3,Online Ad,5,2024-09-04,1253,The New York Times/Siena College,Oregon,45,156,563
88515,3,Mixed Voting,5,2024-09-13,2535,Suffolk University,Virginia,53.7,153,1362
88990,2.6,Live Phone,6,2024-10-18,891,Christopher Newport University Wason Center for Civic Leadership,Tennessee,36,160,320
88790,2.6,Online Panel,9,2024-10-29,1488,University of California Berkeley Institute of Governmental Studies,Missouri,40.9,99,608
88328,3.1,Online Ad,4,2024-08-30,3335,The New York Times/Siena College,South Dakota,40.5,175,1352
88382,3.2,Online Ad,10,2024-07-27,3076,YouGov Blue,New Jersey,40.4,107,1242
88005,3.2,Live Phone,8,2024-09-04,515,University of California Berkeley Institute of Governmental Studies,Hawaii,40.9,180,210
88284,2.8,Online Panel,9,2024-09-08,1058,CNN/SSRS,Indiana,40.6,138,429
88922,3.7,Mixed Voting,9,2024-08-10,1909,YouGov/Center for Working Class Politics,Pennsylvania,38.5,104,735
88433,4,Online Ad,7,2024-10-26,3070,Quinnipiac University,Oklahoma,38.5,166,1182
88395,2.8,Online Panel,10,2024-10-04,2989,Siena College,California,44.2,168,1320
88259,3.6,Live Phone,5,2024-08-16,3093,SurveyUSA,New York,36.7,125,1135
88060,3.9,Live Phone,10,2024-09-22,1250,Remington Research Group,Oklahoma,53.8,192,672
88243,3,Online Panel,6,2024-10-07,2365,Marist College,Louisiana,54.5,142,1289
88465,2.7,Mixed Voting,4,2024-08-13,1704,Suffolk University,Idaho,51.6,172,880
88369,3.8,Online Ad,7,2024-07-15,1983,SurveyUSA,California,45.3,98,899
88929,3.4,Online Ad,4,2024-09-25,818,Public Policy Institute of California,Delaware,54,129,442
88847,2.6,Mixed Voting,7,2024-09-04,1765,Siena College,Missouri,40.4,109,713
88277,2.8,Mixed Voting,4,2024-09-02,1656,East Carolina University Center for Survey Research,Illinois,39.3,128,650
88626,3.1,Mixed Voting,5,2024-10-15,1382,Emerson College,Tennessee,37.8,124,522
88823,2.7,Online Ad,4,2024-09-20,497,East Carolina University Center for Survey Research,Iowa,53.7,163,267
88085,2.9,Mixed Voting,7,2024-09-30,3108,East Carolina University Center for Survey Research,Florida,51.5,93,1601
88390,2.9,Mixed Voting,4,2024-09-14,1790,East Carolina University Center for Survey Research,Oregon,38.9,99,696
88019,3,Mixed Voting,4,2024-09-24,720,East Carolina University Center for Survey Research,Illinois,36.9,96,266
88551,3.1,Mixed Voting,5,2024-07-16,578,Winthrop University Center for Public Opinion & Policy Research,Delaware,47,193,272
88049,3.6,Mixed Voting,8,2024-10-26,2316,SurveyUSA,California,48.7,93,1129
88224,2.5,Live Phone,5,2024-07-26,775,Mason-Dixon Polling & Strategy,Texas,38.8,125,301
88396,3.4,Online Panel,9,2024-10-24,3372,The Washington Post,Connecticut,52.6,165,1774
88688,2.9,Online Ad,6,2024-08-18,652,Remington Research Group,Arizona,42.4,156,276
88487,2.6,Online Panel,9,2024-10-13,1596,Remington Research Group,New Jersey,36.7,88,586
88880,3.8,Online Ad,10,2024-07-15,324,Remington Research Group,Illinois,45.4,122,147
88431,2.8,Online Panel,4,2024-09-14,3088,Data Orbital,Washington,50.1,86,1548
88745,3.7,Online Ad,6,2024-10-20,2940,Christopher Newport University Wason Center for Civic Leadership,Georgia,46.4,92,1364
88792,3.4,Online Ad,4,2024-08-12,1510,Remington Research Group,Mississippi,48.3,141,729
88302,3.7,Mixed Voting,8,2024-10-29,1470,Emerson College,Alaska,36,182,530
88229,3.4,Mixed Voting,10,2024-10-01,3323,Marquette University Law School,West Virginia,37.6,91,1248
88874,3.9,Live Phone,4,2024-10-08,2699,The Washington Post/George Mason University Schar School of Policy and Government,Louisiana,50.6,96,1366
88620,3.7,Live Phone,10,2024-09-08,3473,Suffolk University,Illinois,38.3,111,1329
88216,2.7,Online Panel,6,2024-09-14,1491,Marquette University Law School,Kentucky,54.7,102,816
88792,3.2,Online Panel,9,2024-07-24,1568,YouGov Blue,Rhode Island,42.5,126,666
88085,3.9,Mixed Voting,10,2024-07-17,2871,High Point University Survey Research Center,Montana,46.9,143,1346
88609,3.2,Mixed Voting,9,2024-07-31,2903,AtlasIntel,Georgia,38.2,154,1108
88577,3.7,Live Phone,8,2024-08-24,2443,Data Orbital,Minnesota,42,200,1025
88765,3.3,Online Panel,6,2024-08-13,1912,Public Policy Institute of California,National,46.7,155,892
88765,2.8,Live Phone,5,2024-08-07,1610,Mason-Dixon Polling & Strategy,Iowa,45.1,96,727
88322,4,Live Phone,5,2024-10-05,902,Siena College,Montana,47.4,193,427
88506,3.6,Online Ad,6,2024-08-09,792,University of North Florida Public Opinion Research Lab,Pennsylvania,39.4,183,312
88259,3,Mixed Voting,6,2024-08-01,2944,Siena College,Nebraska,39.8,200,1170
88666,3.5,Online Ad,7,2024-10-23,2995,CNN/SSRS,Alaska,43.1,161,1291
88610,3.3,Mixed Voting,5,2024-08-27,330,Marquette University Law School,Colorado,54.2,138,179
88033,3.5,Online Panel,9,2024-09-23,2827,High Point University Survey Research Center,Maine,48.4,169,1369
88289,3.5,Mixed Voting,7,2024-08-22,1443,SurveyUSA,West Virginia,38,153,548
88713,3.3,Online Panel,6,2024-07-23,3167,Muhlenberg College Institute of Public Opinion,Kentucky,54.1,176,1712
88569,3,Online Panel,8,2024-10-19,3424,SurveyUSA/High Point University Survey Research Center,North Dakota,50.1,188,1714
88713,3.6,Online Ad,4,2024-09-21,2733,University of California Berkeley Institute of Governmental Studies,National,39.4,168,1077
88240,2.7,Online Ad,4,2024-08-03,2506,Muhlenberg College Institute of Public Opinion,Arizona,35.1,119,878
88081,2.9,Online Panel,7,2024-08-22,1575,The New York Times/Siena College,Alabama,36.7,116,578
88168,3,Live Phone,10,2024-10-20,1279,Mason-Dixon Polling & Strategy,North Dakota,42.2,107,540
88068,2.5,Online Ad,5,2024-09-18,2980,SurveyUSA,Kansas,45.1,128,1344
88264,3.6,Online Ad,8,2024-07-16,2997,Christopher Newport University Wason Center for Civic Leadership,Arizona,36.7,178,1101
88927,3.7,Online Panel,7,2024-09-28,1872,University of California Berkeley Institute of Governmental Studies,Colorado,53.5,101,1001
88309,3,Online Panel,5,2024-10-30,797,The Washington Post/George Mason University Schar School of Policy and Government,Tennessee,51.9,162,414
88060,2.6,Online Ad,8,2024-08-15,2399,Remington Research Group,Mississippi,50.5,131,1212
88831,3.1,Online Panel,6,2024-09-22,2104,YouGov Blue,Kentucky,41.9,149,882
88580,3.5,Online Panel,9,2024-08-11,2752,Marist College,Tennessee,38.8,119,1068
88285,4,Online Panel,7,2024-09-16,2700,Beacon Research/Shaw & Company Research,Tennessee,50,130,1351
88107,4,Online Panel,5,2024-10-21,2108,SurveyUSA/High Point University Survey Research Center,New York,50.9,133,1074
88189,2.6,Mixed Voting,4,2024-10-14,2506,Beacon Research/Shaw & Company Research,Florida,35.9,148,901
88804,3.6,Online Panel,6,2024-09-14,2671,University of North Florida Public Opinion Research Lab,Nevada,52.6,95,1404
88452,3.4,Online Panel,8,2024-09-28,2566,The Washington Post/University of Maryland Center for Democracy and Civic Engagement,Wyoming,37.6,116,965
88929,3.2,Online Ad,10,2024-08-17,2379,Marquette University Law School,South Dakota,40.4,172,961
88021,3.9,Online Ad,8,2024-09-25,3399,The Washington Post/University of Maryland Center for Democracy and Civic Engagement,Ohio,42,113,1429
88096,3,Online Panel,10,2024-08-21,3248,SurveyUSA,California,38.6,120,1254
88664,2.5,Online Ad,8,2024-08-05,1876,Christopher Newport University Wason Center for Civic Leadership,Virginia,41.5,91,779
88560,4,Live Phone,8,2024-07-28,960,University of Massachusetts Lowell Center for Public Opinion/YouGov,Ohio,43.4,191,416
88610,3.2,Mixed Voting,4,2024-10-08,3353,The Washington Post/University of Maryland Center for Democracy and Civic Engagement,North Dakota,54.2,185,1817
88141,2.9,Online Panel,8,2024-10-01,2531,SurveyUSA,Pennsylvania,42.7,145,1080
88137,3.5,Mixed Voting,6,2024-07-31,2494,Roanoke College Institute for Policy and Opinion Research,Louisiana,43.6,96,1087
88325,2.6,Mixed Voting,10,2024-09-03,2681,Remington Research Group,Massachusetts,38.7,104,1037
88990,3.9,Online Panel,7,2024-09-22,1674,Selzer & Co.,Virginia,41.9,156,701
88732,3.7,Online Panel,10,2024-09-16,743,The Washington Post/George Mason University Schar School of Policy and Government,California,41.4,88,308
88960,2.5,Mixed Voting,5,2024-08-11,2122,MassINC Polling Group,Nevada,44.5,168,945
88077,3.8,Online Panel,7,2024-09-14,1362,Public Policy Institute of California,Nevada,41.3,170,563
88213,3.1,Live Phone,8,2024-08-14,959,MassINC Polling Group,Rhode Island,52,163,498
88979,3.2,Online Ad,9,2024-10-12,731,Mason-Dixon Polling & Strategy,New Hampshire,40.9,122,299
88550,3.2,Online Panel,6,2024-07-22,3214,SurveyUSA/High Point University Survey Research Center,Oklahoma,38.4,160,1235
88280,3.7,Mixed Voting,10,2024-08-30,302,Suffolk University,Alaska,45.8,89,138
88899,3,Mixed Voting,8,2024-09-20,988,The New York Times/Siena College,South Carolina,51.8,158,512
88793,3.7,Mixed Voting,4,2024-07-15,486,MassINC Polling Group,West Virginia,53.5,100,260
88342,3,Mixed Voting,7,2024-08-15,2001,University of Massachusetts Lowell Center for Public Opinion/YouGov,Wisconsin,41.8,188,837
88194,3.7,Live Phone,4,2024-07-15,1561,Winthrop University Center for Public Opinion & Policy Research,New York,40.7,97,635
88692,3.2,Mixed Voting,10,2024-09-13,1386,MassINC Polling Group,North Carolina,36,167,498
88632,3.4,Mixed Voting,6,2024-09-27,1595,University of New Hampshire Survey Center,West Virginia,37.1,161,591
88670,2.5,Online Panel,8,2024-09-25,690,Mason-Dixon Polling & Strategy,Nevada,44.5,157,307
88211,3.3,Mixed Voting,4,2024-08-20,799,Marist College,Florida,50.5,197,404
88841,2.9,Online Panel,6,2024-10-11,1361,East Carolina University Center for Survey Research,Kentucky,44.4,196,604
88429,3.6,Mixed Voting,8,2024-10-24,1567,Elon University,South Dakota,36,149,564
88803,3.9,Mixed Voting,8,2024-09-15,531,East Carolina University Center for Survey Research,New York,51,168,271
88085,3.6,Mixed Voting,6,2024-10-05,783,Data Orbital,Arizona,49.9,158,390
88311,3.4,Live Phone,9,2024-09-03,1166,The New York Times/Siena College,California,36.4,139,424
88533,3.2,Online Panel,6,2024-07-30,2530,YouGov Blue,Kansas,37.2,133,942
88275,2.8,Live Phone,7,2024-09-06,2019,Selzer & Co.,Maryland,42.8,90,864
88597,2.8,Online Panel,8,2024-08-13,428,Marquette University Law School,California,49.9,174,214
88120,2.8,Mixed Voting,7,2024-07-25,2433,Selzer & Co.,Louisiana,49,87,1192
88521,3.4,Online Ad,6,2024-08-31,1115,Remington Research Group,Oklahoma,47.2,184,527
88999,4,Mixed Voting,5,2024-08-12,2001,Christopher Newport University Wason Center for Civic Leadership,Alabama,48.6,132,973
88435,4,Online Ad,5,2024-10-21,2853,Marist College,West Virginia,49.5,192,1413
88065,3.5,Online Panel,10,2024-09-08,549,Public Policy Institute of California,Illinois,36.4,149,200
88802,3.5,Mixed Voting,7,2024-08-17,416,University of California Berkeley Institute of Governmental Studies,Colorado,53.5,186,222
88228,2.6,Online Ad,8,2024-08-02,3141,Public Policy Institute of California,Iowa,48.7,182,1529
88111,2.6,Mixed Voting,9,2024-08-05,1988,Data Orbital,Connecticut,36.5,153,727
88143,3.8,Live Phone,7,2024-10-29,1251,Quinnipiac University,Minnesota,45.7,107,571
88318,2.8,Online Ad,8,2024-08-10,2894,SurveyUSA,West Virginia,37.2,111,1077
88407,2.9,Online Ad,4,2024-09-22,2038,Public Policy Institute of California,Idaho,39.9,146,812
88825,3.5,Live Phone,7,2024-08-25,3273,AtlasIntel,Mississippi,46.4,96,1519
88418,3.1,Online Ad,8,2024-08-03,1567,Emerson College,Hawaii,54.5,172,853
88657,2.5,Online Ad,10,2024-09-19,1201,Marist College,Maine,45.6,163,548
88377,4,Mixed Voting,5,2024-09-14,1104,High Point University Survey Research Center,North Carolina,52.9,184,584
88013,2.7,Online Ad,4,2024-09-23,3250,University of California Berkeley Institute of Governmental Studies,Utah,51.7,91,1680
88533,2.6,Live Phone,6,2024-10-28,2768,Elon University,Vermont,50.2,96,1388
88914,2.6,Live Phone,4,2024-10-25,1678,SurveyUSA,Louisiana,36.4,110,611
88982,3.1,Live Phone,6,2024-08-29,2771,The Washington Post/University of Maryland Center for Democracy and Civic Engagement,Minnesota,39.9,170,1106
88748,2.9,Online Ad,7,2024-07-21,2888,Beacon Research/Shaw & Company Research,Kentucky,44.2,118,1275
88282,3.7,Mixed Voting,10,2024-08-21,1863,Selzer & Co.,Connecticut,45.3,179,844
88818,3.1,Online Ad,8,2024-08-18,1755,Muhlenberg College Institute of Public Opinion,Washington,38.6,194,677
88253,3.3,Online Ad,4,2024-09-18,3108,Selzer & Co.,Michigan,43.7,86,1359
88313,3.3,Online Panel,4,2024-08-07,1303,Marist College,Minnesota,37.4,141,487
88952,2.8,Online Ad,7,2024-09-05,2815,Mason-Dixon Polling & Strategy,Alabama,42.3,122,1191
88830,3.2,Online Ad,7,2024-08-09,2893,YouGov/Center for Working Class Politics,South Dakota,48.5,196,1404
88767,3.8,Mixed Voting,8,2024-10-31,2908,Roanoke College Institute for Policy and Opinion Research,Colorado,45.7,186,1329
88321,3.5,Online Ad,6,2024-08-26,1285,University of Massachusetts Lowell Center for Public Opinion/YouGov,Oregon,49.1,99,631
88279,3.8,Mixed Voting,5,2024-09-02,1188,Mason-Dixon Polling & Strategy,Missouri,39.4,85,468
88515,4,Online Ad,8,2024-09-02,1291,Emerson College,Maine,53.1,176,685
88366,2.6,Online Ad,8,2024-09-22,2544,CNN/SSRS,Maine,52.7,99,1341
88802,3.4,Live Phone,9,2024-10-28,926,Public Policy Institute of California,Florida,43.8,125,406
88667,3.6,Online Ad,8,2024-09-20,956,Elon University,South Dakota,38,173,363
88932,2.5,Online Ad,6,2024-09-09,792,MassINC Polling Group,Texas,46.5,110,369
88642,2.9,Online Ad,9,2024-08-11,1029,SurveyUSA/High Point University Survey Research Center,Utah,45.8,193,472
88326,3.4,Mixed Voting,9,2024-08-07,2577,The Washington Post/George Mason University Schar School of Policy and Government,Nebraska,53.1,99,1368
88082,3.6,Online Ad,10,2024-08-28,2612,The Washington Post/University of Maryland Center for Democracy and Civic Engagement,Mississippi,52.4,193,1368
88444,3.9,Online Panel,8,2024-10-04,2750,University of Massachusetts Lowell Center for Public Opinion/YouGov,Georgia,35.3,112,970
88914,3.7,Online Ad,5,2024-08-29,2965,High Point University Survey Research Center,Idaho,40.1,155,1188
88403,3.6,Live Phone,6,2024-07-19,3466,The Washington Post,Wyoming,54.3,111,1883
88801,2.5,Online Ad,4,2024-08-24,2692,High Point University Survey Research Center,South Dakota,35.2,178,949
88474,3.8,Online Panel,7,2024-08-07,3027,East Carolina University Center for Survey Research,Vermont,51.1,104,1546
88112,2.7,Live Phone,4,2024-08-21,1664,YouGov Blue,Massachusetts,35.9,103,598
88017,3.2,Online Ad,4,2024-08-16,2498,Selzer & Co.,Louisiana,43.5,91,1087
88209,3.1,Live Phone,4,2024-08-21,1334,Roanoke College Institute for Policy and Opinion Research,Virginia,51.9,198,693
88668,3.8,Online Ad,4,2024-07-17,838,Elon University,Texas,44.4,155,372
88010,2.8,Online Ad,7,2024-09-20,3471,Remington Research Group,North Dakota,40.7,194,1412
88571,2.9,Live Phone,6,2024-09-26,1970,University of North Florida Public Opinion Research Lab,Wyoming,46.6,195,918
88021,3.9,Mixed Voting,10,2024-09-28,2582,Mason-Dixon Polling & Strategy,Oregon,36.2,86,935
88482,3,Online Panel,4,2024-08-05,3386,SurveyUSA/High Point University Survey Research Center,Michigan,54,89,1828
88190,2.6,Online Ad,7,2024-09-19,2719,University of North Florida Public Opinion Research Lab,New Mexico,53.2,145,1446
88990,3.7,Online Panel,5,2024-07-20,2650,High Point University Survey Research Center,South Dakota,47.4,162,1256
88523,3.5,Mixed Voting,8,2024-08-12,2135,SurveyUSA/High Point University Survey Research Center,New York,51.3,126,1095
88884,3.8,Live Phone,6,2024-08-16,1925,Christopher Newport University Wason Center for Civic Leadership,West Virginia,49.5,170,953
88427,3.9,Online Ad,4,2024-10-19,420,East Carolina University Center for Survey Research,Pennsylvania,46.2,133,194
88152,2.9,Online Ad,7,2024-08-23,1543,Remington Research Group,Ohio,37.7,108,582
88728,2.8,Live Phone,9,2024-09-11,1978,The Washington Post/George Mason University Schar School of Policy and Government,Arizona,48.7,89,963
88879,3.3,Mixed Voting,6,2024-08-11,3151,The Washington Post/George Mason University Schar School of Policy and Government,Idaho,52.8,195,1665
88167,2.7,Online Panel,5,2024-07-30,3306,The Washington Post,Indiana,47.3,168,1563
88248,2.9,Mixed Voting,5,2024-10-27,425,Christopher Newport University Wason Center for Civic Leadership,Rhode Island,46.7,197,199
88424,3.1,Online Panel,8,2024-09-30,3312,The New York Times/Siena College,Virginia,45.2,167,1495
88489,2.5,Live Phone,7,2024-09-10,1487,Public Policy Institute of California,Washington,46.2,168,687
88022,3.2,Live Phone,10,2024-08-01,1049,Remington Research Group,New Mexico,39.1,146,410
88266,3.7,Online Panel,6,2024-09-28,1765,MassINC Polling Group,New Hampshire,37.6,114,664
88289,2.6,Online Panel,8,2024-10-10,2605,The Washington Post/George Mason University Schar School of Policy and Government,Connecticut,37.1,188,967
88896,3.3,Live Phone,7,2024-07-21,680,Christopher Newport University Wason Center for Civic Leadership,Alabama,54.4,177,370
88753,3.6,Online Panel,10,2024-08-18,922,Suffolk University,Maine,52.9,164,488
88722,4,Online Ad,10,2024-10-16,3472,University of Massachusetts Lowell Center for Public Opinion/YouGov,Vermont,47,92,1630
88905,3.9,Live Phone,5,2024-08-16,2414,Emerson College,Pennsylvania,37.3,108,899
88707,2.6,Mixed Voting,10,2024-09-27,2487,The New York Times/Siena College,Louisiana,49.2,141,1224
88761,4,Online Ad,5,2024-09-12,401,East Carolina University Center for Survey Research,Kansas,36.8,184,147
88817,2.7,Live Phone,7,2024-10-17,2000,Christopher Newport University Wason Center for Civic Leadership,Wyoming,41.5,148,829
88458,3.5,Mixed Voting,6,2024-08-16,2202,Data Orbital,Iowa,53.5,195,1179
88417,3.9,Mixed Voting,4,2024-10-27,2184,Beacon Research/Shaw & Company Research,Kentucky,35.3,94,771
88936,3.9,Live Phone,5,2024-07-19,2180,University of New Hampshire Survey Center,Maine,46.2,86,1008
88522,3.4,Live Phone,4,2024-08-04,3180,Public Policy Institute of California,New York,35.7,167,1136
88707,3.7,Online Ad,5,2024-08-31,1120,East Carolina University Center for Survey Research,South Dakota,48.6,157,544
88790,3.3,Online Panel,9,2024-08-20,3370,High Point University Survey Research Center,Utah,45,126,1516
88092,3.3,Live Phone,7,2024-10-01,3206,Selzer & Co.,Tennessee,52.1,157,1671
88611,3.3,Online Ad,5,2024-10-16,731,Emerson College,Montana,35.8,196,262
88212,2.8,Online Panel,8,2024-08-28,3139,University of North Florida Public Opinion Research Lab,New Hampshire,49.7,96,1561
88646,3.1,Online Panel,6,2024-10-08,1900,MassINC Polling Group,Oregon,55,103,1045
88786,2.7,Live Phone,7,2024-10-14,313,YouGov Blue,South Dakota,41.1,137,129
88998,3.7,Online Panel,4,2024-10-02,1453,University of California Berkeley Institute of Governmental Studies,South Dakota,51,110,741
88415,2.9,Mixed Voting,9,2024-07-23,2848,AtlasIntel,Delaware,50.4,150,1436
88723,2.5,Online Panel,5,2024-09-30,2808,YouGov/Center for Working Class Politics,District of Columbia,41,155,1151
88132,3.7,Live Phone,6,2024-10-07,3056,YouGov Blue,Pennsylvania,46.4,136,1417
88351,3.5,Online Panel,7,2024-09-02,1552,Beacon Research/Shaw & Company Research,Montana,49.6,198,770
88718,3.5,Online Ad,6,2024-07-21,1573,Marquette University Law School,Alabama,52.7,120,830
88611,3,Mixed Voting,4,2024-08-12,3006,Remington Research Group,Delaware,42.9,121,1291
88567,3.8,Mixed Voting,4,2024-10-14,1243,Suffolk University,Maine,49.7,165,617
88515,3.2,Live Phone,9,2024-08-13,728,East Carolina University Center for Survey Research,New Hampshire,40.1,187,292
88768,2.9,Live Phone,10,2024-10-01,1873,High Point University Survey Research Center,Colorado,51.7,113,967
88035,3.9,Mixed Voting,7,2024-09-30,2936,Public Policy Institute of California,Ohio,43.9,92,1288
88086,2.7,Live Phone,8,2024-10-01,2659,AtlasIntel,Tennessee,47.8,117,1272
88553,3.5,Online Ad,8,2024-09-13,2575,East Carolina University Center for Survey Research,North Dakota,53.1,152,1368
88341,3.9,Online Ad,4,2024-09-20,2788,Public Policy Institute of California,Colorado,36.2,93,1008
88058,2.8,Mixed Voting,6,2024-09-12,1439,Marquette University Law School,Delaware,46.3,108,666
88419,2.7,Online Ad,8,2024-10-11,3100,Elon University,Delaware,50.4,152,1563
88877,2.7,Live Phone,6,2024-07-23,781,Muhlenberg College Institute of Public Opinion,Pennsylvania,35.6,173,278
88789,3.5,Live Phone,10,2024-08-22,1651,Marquette University Law School,District of Columbia,46.9,126,775
88080,2.9,Live Phone,8,2024-08-22,2033,High Point University Survey Research Center,Indiana,48.3,180,982
88210,3.2,Mixed Voting,7,2024-08-20,3096,Christopher Newport University Wason Center for Civic Leadership,New York,44.5,200,1379
88840,2.5,Online Ad,8,2024-10-28,1570,East Carolina University Center for Survey Research,New Hampshire,37.8,154,593
88142,3.2,Live Phone,6,2024-08-31,1609,East Carolina University Center for Survey Research,Minnesota,51.5,97,829
88582,3.1,Mixed Voting,7,2024-08-25,1631,Siena College,Iowa,41.1,149,670
88691,4,Online Panel,4,2024-09-23,572,Marist College,South Dakota,35.7,96,204
88760,3.9,Online Panel,4,2024-09-26,2506,Siena College,Ohio,46,167,1152
88323,3.8,Mixed Voting,9,2024-08-08,2570,AtlasIntel,Florida,52.7,108,1355
88290,3.7,Online Panel,6,2024-10-13,3124,Suffolk University,West Virginia,40.9,92,1278
88046,4,Mixed Voting,7,2024-09-20,2569,Mason-Dixon Polling & Strategy,Massachusetts,44.4,92,1140
88663,3.7,Live Phone,10,2024-07-21,1019,The New York Times/Siena College,Oklahoma,36.3,89,370
88818,3.2,Online Panel,5,2024-09-22,2681,Emerson College,Michigan,51.9,155,1391
88981,3,Online Ad,6,2024-07-22,2769,Remington Research Group,Iowa,41.5,99,1149
88470,3.2,Online Panel,4,2024-08-28,2059,YouGov Blue,Pennsylvania,42,105,865
88381,3.5,Live Phone,10,2024-10-17,2348,YouGov,Vermont,46.6,155,1093
88819,3.9,Live Phone,9,2024-10-08,369,Data Orbital,Delaware,40.1,170,148
88935,2.6,Live Phone,8,2024-09-19,685,The Washington Post/University of Maryland Center for Democracy and Civic Engagement,Connecticut,49.7,177,340
88928,2.7,Live Phone,10,2024-08-18,684,The Washington Post/George Mason University Schar School of Policy and Government,North Carolina,52.6,185,360
88200,3.7,Live Phone,9,2024-10-30,1041,YouGov Blue,New York,45.4,144,472
88282,3.1,Online Panel,8,2024-08-19,2408,East Carolina University Center for Survey Research,West Virginia,37,177,890
88901,3.9,Online Panel,8,2024-07-17,3111,Public Policy Institute of California,Nevada,46.6,110,1449
88176,3.7,Mixed Voting,9,2024-09-24,1009,The Washington Post,Wisconsin,44.6,91,450
88261,3.7,Online Panel,6,2024-08-19,469,Marist College,California,50.9,154,239
88760,3.4,Live Phone,7,2024-08-18,1474,University of North Florida Public Opinion Research Lab,Wyoming,35.9,170,529
88877,3.4,Mixed Voting,5,2024-07-21,409,Remington Research Group,Connecticut,47.7,89,195
88054,3.1,Live Phone,7,2024-07-31,1607,AtlasIntel,Utah,44.7,148,719
88221,3.9,Online Panel,4,2024-09-25,1965,YouGov Blue,Wyoming,39.5,94,776
88689,3,Mixed Voting,4,2024-09-23,744,High Point University Survey Research Center,Texas,38.3,117,285
88709,4,Online Panel,6,2024-10-22,619,SurveyUSA,Nebraska,45.1,103,279
88342,3.1,Live Phone,10,2024-08-24,2457,YouGov Blue,California,35.3,133,868
88840,3.7,Online Panel,8,2024-10-07,308,Beacon Research/Shaw & Company Research,California,46.6,92,143
88618,3.2,Mixed Voting,5,2024-08-12,1023,AtlasIntel,Washington,52.8,134,541
88488,3.5,Live Phone,8,2024-07-22,2274,Public Policy Institute of California,Tennessee,39.2,166,891
88005,3,Online Panel,8,2024-09-24,3192,The New York Times/Siena College,Maine,36.2,115,1155
88988,3.4,Mixed Voting,5,2024-09-07,511,High Point University Survey Research Center,Virginia,40.6,186,208
88218,2.6,Mixed Voting,10,2024-09-30,3465,University of Massachusetts Lowell Center for Public Opinion/YouGov,Wyoming,50.1,124,1737
88744,2.5,Online Ad,4,2024-08-25,1250,Selzer & Co.,Idaho,46.7,122,583
88723,2.5,Mixed Voting,4,2024-09-28,2131,YouGov/Center for Working Class Politics,Oklahoma,46.5,140,991
88624,2.9,Online Ad,4,2024-08-05,714,University of California Berkeley Institute of Governmental Studies,Kentucky,38.7,148,276
88612,3.5,Online Ad,10,2024-07-23,460,CNN/SSRS,Florida,54.9,113,253
88466,2.9,Mixed Voting,4,2024-10-23,2758,Marist College,Minnesota,42.4,170,1171
88168,2.6,Online Panel,10,2024-07-17,2773,Winthrop University Center for Public Opinion & Policy Research,Florida,41.7,155,1156
88578,2.8,Live Phone,8,2024-08-16,1486,AtlasIntel,South Dakota,51.1,138,759
88272,3.1,Online Ad,9,2024-08-29,1359,Quinnipiac University,Wyoming,49,141,665
88051,2.6,Mixed Voting,8,2024-09-19,954,Remington Research Group,Arkansas,54.6,130,521
88992,3.9,Online Panel,7,2024-09-20,698,Mason-Dixon Polling & Strategy,Virginia,41.2,91,287
88069,3.6,Live Phone,9,2024-08-24,3176,YouGov,Washington,45.7,116,1450
88722,2.9,Mixed Voting,7,2024-08-09,518,Selzer & Co.,Rhode Island,51.3,162,266
88710,3.5,Mixed Voting,7,2024-08-21,505,YouGov,Indiana,48.8,157,246
88218,2.7,Mixed Voting,6,2024-10-01,1793,Roanoke College Institute for Policy and Opinion Research,Nebraska,52,189,932
88812,2.8,Online Ad,5,2024-07-21,1243,YouGov/Center for Working Class Politics,Missouri,50.7,155,630
88083,3,Live Phone,9,2024-08-08,2351,Muhlenberg College Institute of Public Opinion,Maryland,46.6,92,1096
88451,3.4,Online Panel,9,2024-07-28,2760,Public Policy Institute of California,Kansas,38.4,104,1059
88334,3.3,Online Ad,4,2024-08-01,1615,Marquette University Law School,Wyoming,40.5,144,653
88478,3.4,Online Panel,10,2024-10-06,2703,Marquette University Law School,Georgia,45.7,143,1237
88064,3.2,Online Ad,7,2024-09-08,3241,Suffolk University,Delaware,44,136,1426
88565,3.6,Online Ad,4,2024-08-26,1083,Roanoke College Institute for Policy and Opinion Research,South Carolina,42.3,200,458
88217,2.8,Online Ad,6,2024-08-26,2629,High Point University Survey Research Center,Alaska,42.1,199,1106
88710,2.6,Online Ad,7,2024-07-18,1090,YouGov,Alabama,50.6,155,552
88647,3.1,Online Ad,5,2024-08-18,2411,University of Massachusetts Lowell Center for Public Opinion/YouGov,Colorado,50.7,174,1222
88042,2.5,Live Phone,6,2024-09-24,2826,Emerson College,Texas,54.6,92,1542
88404,3.9,Online Ad,5,2024-09-26,841,YouGov/Center for Working Class Politics,South Dakota,41.8,147,351
88558,2.6,Mixed Voting,4,2024-10-31,937,High Point University Survey Research Center,Kansas,40.3,161,378
88334,4,Live Phone,7,2024-10-01,1429,The Washington Post/University of Maryland Center for Democracy and Civic Engagement,Washington,42.4,172,606
88816,2.5,Mixed Voting,5,2024-07-19,2459,SurveyUSA/High Point University Survey Research Center,Montana,43.4,85,1067
88758,3.3,Online Panel,4,2024-09-08,2399,Data Orbital,Mississippi,44.2,157,1061
88049,2.9,Online Panel,7,2024-09-07,1743,Beacon Research/Shaw & Company Research,Delaware,53.9,197,940
88656,2.9,Mixed Voting,5,2024-08-25,1206,The Washington Post,Alabama,38.6,134,465
88878,3.2,Mixed Voting,10,2024-09-24,3247,SurveyUSA/High Point University Survey Research Center,Arizona,52.1,95,1692
88761,3.4,Live Phone,10,2024-08-21,3160,Emerson College,Oklahoma,39,165,1231
88016,3.3,Live Phone,6,2024-08-20,348,Siena College,National,42.8,161,149
88470,3.1,Online Ad,8,2024-10-10,1007,The New York Times/Siena College,Arizona,41.9,172,422
88146,2.9,Online Ad,7,2024-08-26,2602,Selzer & Co.,California,48.1,171,1251
88709,3.9,Online Ad,8,2024-10-12,590,The New York Times/Siena College,Washington,49.2,154,290
88587,2.7,Live Phone,9,2024-07-20,3315,Marquette University Law School,Alaska,47,177,1559
88741,2.9,Online Ad,9,2024-07-25,1228,Data Orbital,New York,54.8,192,672
88382,2.6,Online Ad,6,2024-10-16,1457,Data Orbital,Maryland,54.9,130,800
88388,3.4,Mixed Voting,6,2024-08-30,3102,Quinnipiac University,Georgia,52.6,177,1632
88026,3,Live Phone,5,2024-07-24,2379,Elon University,Hawaii,44.8,141,1066
88774,4,Online Panel,9,2024-08-10,1829,Siena College,Iowa,48.4,165,886
88108,2.8,Live Phone,8,2024-09-17,1235,The Washington Post,South Carolina,51.3,158,633
88572,4,Online Panel,8,2024-10-02,360,University of California Berkeley Institute of Governmental Studies,Arkansas,50.4,103,181
88207,3.4,Live Phone,9,2024-08-26,1809,Quinnipiac University,Tennessee,45.9,173,831
88441,3.9,Online Panel,4,2024-08-22,447,Mason-Dixon Polling & Strategy,Michigan,53.2,198,238
88121,2.9,Online Panel,6,2024-08-06,1819,Marquette University Law School,California,45,177,819
88407,3.8,Online Panel,7,2024-09-13,2018,Public Policy Institute of California,Louisiana,50.9,157,1027
88275,3.7,Online Ad,6,2024-09-19,1952,Selzer & Co.,New York,35.4,191,691
88368,3.3,Online Panel,4,2024-09-16,1695,High Point University Survey Research Center,Virginia,50.4,171,855
88217,3.8,Live Phone,9,2024-09-15,2042,SurveyUSA,Iowa,47.9,90,978
88862,3.9,Mixed Voting,6,2024-09-13,2801,Suffolk University,Minnesota,45.4,122,1271
88702,2.8,Mixed Voting,4,2024-07-19,1170,The Washington Post/University of Maryland Center for Democracy and Civic Engagement,New Jersey,41.4,150,485
88279,2.7,Online Ad,9,2024-10-30,3151,Muhlenberg College Institute of Public Opinion,Colorado,49.7,169,1567
88142,4,Online Panel,8,2024-10-27,2884,Siena College,Mississippi,41.9,182,1208
88458,3.4,Online Ad,4,2024-09-10,3089,University of New Hampshire Survey Center,Wisconsin,44.5,125,1374
88744,2.7,Online Ad,10,2024-08-19,324,The New York Times/Siena College,National,40.9,196,132
88188,3.3,Live Phone,5,2024-10-02,1023,High Point University Survey Research Center,Ohio,45.7,101,468
88338,3.5,Online Panel,6,2024-10-12,3023,SurveyUSA,Alaska,48.9,199,1480
88127,3.1,Mixed Voting,7,2024-09-30,1454,MassINC Polling Group,Utah,38.8,88,564
88257,3.7,Live Phone,9,2024-10-11,2192,Siena College,Kentucky,38.5,93,844
88004,3.8,Mixed Voting,5,2024-08-19,868,University of Massachusetts Lowell Center for Public Opinion/YouGov,Texas,54.9,102,476
88106,2.5,Live Phone,10,2024-07-31,306,The New York Times/Siena College,Nebraska,46.7,114,143
88266,2.7,Mixed Voting,9,2024-10-29,2608,The Washington Post/University of Maryland Center for Democracy and Civic Engagement,Washington,35.1,183,916
88108,3.2,Mixed Voting,4,2024-09-02,3437,Marist College,Maine,40.5,140,1391
88065,3.7,Online Panel,6,2024-09-05,2121,YouGov,Delaware,41.9,140,888
88033,3.2,Online Ad,9,2024-09-17,2860,University of Massachusetts Lowell Center for Public Opinion/YouGov,Ohio,48.8,134,1397
88430,3.5,Online Panel,10,2024-09-06,2093,MassINC Polling Group,North Dakota,50.2,192,1051
88662,3.5,Online Ad,7,2024-09-04,1910,University of California Berkeley Institute of Governmental Studies,Rhode Island,41.9,160,800
88535,2.6,Online Ad,8,2024-08-31,2637,Marquette University Law School,Maryland,51.2,184,1350
88546,2.8,Online Ad,9,2024-08-18,2588,Data Orbital,Hawaii,37,145,957
88525,3,Mixed Voting,4,2024-07-24,472,SurveyUSA/High Point University Survey Research Center,Kansas,52.5,195,248
88274,3.5,Live Phone,5,2024-08-20,643,The Washington Post/University of Maryland Center for Democracy and Civic Engagement,Montana,51.2,144,329
88057,2.5,Online Ad,6,2024-09-06,2222,Elon University,District of Columbia,46.8,169,1041
88370,2.8,Online Panel,5,2024-09-10,1564,The Washington Post/George Mason University Schar School of Policy and Government,District of Columbia,48.1,165,753
88318,3.3,Online Ad,5,2024-09-24,522,University of California Berkeley Institute of Governmental Studies,Mississippi,43.6,200,227
88697,3.5,Mixed Voting,9,2024-09-28,3323,Siena College,Arkansas,45.5,186,1514
88844,2.6,Mixed Voting,6,2024-10-25,1177,SurveyUSA/High Point University Survey Research Center,Florida,38.8,199,457
88433,4,Mixed Voting,6,2024-09-03,1014,The New York Times/Siena College,Alaska,39.5,157,401
88141,2.8,Mixed Voting,10,2024-10-08,1947,Beacon Research/Shaw & Company Research,Texas,51.2,190,997
88592,2.9,Online Ad,9,2024-10-04,1132,CNN/SSRS,Nebraska,46.6,139,528
88456,3.1,Mixed Voting,9,2024-10-10,1185,Roanoke College Institute for Policy and Opinion Research,Michigan,39.9,101,473
88884,2.7,Live Phone,8,2024-07-17,2526,University of Massachusetts Lowell Center for Public Opinion/YouGov,New Jersey,42.7,125,1080
88958,3.8,Online Panel,8,2024-08-22,703,YouGov Blue,South Carolina,36.2,178,255
88600,2.9,Online Panel,6,2024-08-10,388,YouGov,Ohio,53.8,157,209
88238,3,Online Ad,9,2024-09-11,1738,SurveyUSA,Virginia,53,169,921
88489,2.9,Online Ad,5,2024-10-07,1621,Winthrop University Center for Public Opinion & Policy Research,Iowa,37.1,111,602
88020,3.6,Live Phone,9,2024-08-13,2479,High Point University Survey Research Center,New Mexico,44.6,95,1106
88188,3.9,Mixed Voting,6,2024-07-16,1778,Mason-Dixon Polling & Strategy,Mississippi,36.4,138,647
88682,2.9,Mixed Voting,10,2024-10-16,602,Christopher Newport University Wason Center for Civic Leadership,New York,43.1,88,260
88102,2.6,Mixed Voting,9,2024-07-21,447,AtlasIntel,New York,37.2,152,166
88706,4,Online Panel,5,2024-09-18,3492,Remington Research Group,Hawaii,36.9,158,1288
88036,3,Mixed Voting,10,2024-07-27,1671,Muhlenberg College Institute of Public Opinion,North Carolina,54.4,125,909
88170,3.5,Mixed Voting,10,2024-08-02,3432,East Carolina University Center for Survey Research,District of Columbia,49,199,1683
88134,3.7,Mixed Voting,7,2024-08-05,1781,University of North Florida Public Opinion Research Lab,Virginia,41.9,198,747
88931,4,Online Ad,7,2024-07-19,2229,University of California Berkeley Institute of Governmental Studies,Michigan,38.9,103,867
88107,4,Online Panel,5,2024-07-20,2704,Marist College,West Virginia,40.3,193,1090
88079,3.4,Live Phone,7,2024-08-16,3178,Mason-Dixon Polling & Strategy,Minnesota,37.4,148,1190
88680,2.5,Online Panel,8,2024-10-08,2545,Selzer & Co.,Georgia,38.2,196,973
88679,2.6,Mixed Voting,8,2024-07-18,1502,University of New Hampshire Survey Center,Arkansas,50.5,109,759
88290,3,Online Panel,4,2024-07-29,3427,SurveyUSA,North Dakota,40.3,89,1383
88360,3.1,Live Phone,5,2024-08-31,2815,YouGov/Center for Working Class Politics,Hawaii,46,164,1295
88569,3.4,Online Ad,5,2024-08-09,423,Marquette University Law School,Nebraska,41.2,150,174
88256,2.9,Online Panel,10,2024-08-04,465,AtlasIntel,Alaska,51.2,176,238
88379,2.5,Mixed Voting,6,2024-10-31,334,Muhlenberg College Institute of Public Opinion,Utah,45.7,112,153
88930,3.1,Live Phone,4,2024-08-05,3477,The Washington Post,Minnesota,44.4,85,1544
88978,3.5,Online Ad,8,2024-08-25,1057,CNN/SSRS,Louisiana,44.6,186,472
88265,3.7,Online Panel,7,2024-10-25,3306,MassINC Polling Group,North Carolina,36.4,96,1205
88160,3.5,Live Phone,10,2024-07-26,307,MassINC Polling Group,Delaware,49.9,182,153
88774,3.5,Mixed Voting,9,2024-10-07,622,Christopher Newport University Wason Center for Civic Leadership,South Dakota,52.4,110,326
88454,2.8,Online Panel,9,2024-09-23,1931,Suffolk University,Iowa,48.7,108,940
88078,3.6,Live Phone,5,2024-09-15,412,Winthrop University Center for Public Opinion & Policy Research,New Mexico,45.8,111,189
88623,2.6,Online Ad,4,2024-07-26,2442,Quinnipiac University,New Jersey,41.1,181,1003
88654,3.7,Online Ad,10,2024-09-25,1553,YouGov Blue,New Mexico,38.6,90,600
88594,3.9,Online Ad,4,2024-10-11,1122,Selzer & Co.,Pennsylvania,40.6,147,456
88937,2.9,Online Panel,10,2024-08-02,2193,Selzer & Co.,National,47.6,186,1044
88022,3.4,Mixed Voting,5,2024-09-05,1311,University of North Florida Public Opinion Research Lab,Oregon,48.1,101,631
88954,2.9,Online Ad,4,2024-10-16,910,Mason-Dixon Polling & Strategy,Oklahoma,35.7,186,325
88164,2.5,Online Panel,7,2024-08-06,1908,YouGov,Indiana,36.5,155,696
88645,4,Online Ad,6,2024-08-31,504,Data Orbital,North Dakota,35,92,177
88931,3.4,Live Phone,9,2024-09-30,2125,Quinnipiac University,New Hampshire,35.7,122,758
88491,2.5,Online Ad,5,2024-07-17,3067,University of North Florida Public Opinion Research Lab,Montana,47.3,114,1450
88908,2.5,Mixed Voting,4,2024-08-24,1942,The New York Times/Siena College,Washington,44.2,174,858
88156,3.3,Online Ad,4,2024-08-16,1206,Mason-Dixon Polling & Strategy,New Mexico,54,127,651
88701,2.6,Mixed Voting,6,2024-10-11,3292,Data Orbital,District of Columbia,48.3,89,1590
88894,2.7,Mixed Voting,6,2024-09-05,2337,The New York Times/Siena College,National,48.6,142,1136
88243,2.5,Online Panel,7,2024-07-30,713,Beacon Research/Shaw & Company Research,Illinois,54.4,169,388
88801,3.1,Live Phone,10,2024-08-13,2459,Emerson College,Utah,44.7,132,1099
88750,3,Online Panel,9,2024-10-05,3252,Christopher Newport University Wason Center for Civic Leadership,Missouri,37.9,147,1232
88346,3.4,Online Panel,4,2024-08-12,566,Suffolk University,New Jersey,49.7,105,281
88157,2.8,Mixed Voting,9,2024-10-11,1622,Emerson College,Kansas,40,168,649
88738,2.8,Online Panel,7,2024-10-21,1596,YouGov/Center for Working Class Politics,Massachusetts,37.2,183,594
88179,3.5,Online Ad,9,2024-09-16,3252,AtlasIntel,Iowa,53.5,200,1741
88550,3.6,Online Panel,5,2024-09-09,2563,Selzer & Co.,North Carolina,40,162,1026
88535,3.7,Online Ad,9,2024-07-30,631,High Point University Survey Research Center,Michigan,49.9,193,315
88203,3.3,Online Ad,4,2024-07-19,3046,SurveyUSA/High Point University Survey Research Center,Maine,47.6,161,1451
88044,3,Online Panel,4,2024-08-23,1632,Winthrop University Center for Public Opinion & Policy Research,Massachusetts,47.5,118,776
88772,2.6,Mixed Voting,5,2024-09-09,1457,Marquette University Law School,Georgia,41.8,125,609
88214,2.7,Mixed Voting,10,2024-07-24,1682,The Washington Post,Maine,44.5,138,748
88396,2.5,Online Panel,8,2024-10-29,1341,Winthrop University Center for Public Opinion & Policy Research,South Dakota,36.1,182,484
88863,3.5,Online Ad,7,2024-09-19,2524,CNN/SSRS,Arkansas,49.7,154,1254
88264,2.5,Online Panel,9,2024-09-01,1485,The Washington Post/University of Maryland Center for Democracy and Civic Engagement,Nebraska,37.4,117,555
88839,2.9,Mixed Voting,5,2024-07-25,2773,Marquette University Law School,Alaska,48.4,155,1342
88411,2.5,Live Phone,9,2024-08-01,3253,Quinnipiac University,Maryland,40.5,126,1317
88266,3.2,Live Phone,6,2024-09-06,731,Marquette University Law School,Rhode Island,43.3,193,317
88244,3.9,Mixed Voting,9,2024-08-29,3049,Muhlenberg College Institute of Public Opinion,New Mexico,48.3,118,1472
88423,2.5,Mixed Voting,9,2024-09-09,3020,SurveyUSA,Kansas,45.8,138,1382
88012,3.9,Live Phone,8,2024-10-21,3384,YouGov Blue,Florida,44.7,200,1514
88786,3,Mixed Voting,6,2024-09-11,2940,The New York Times/Siena College,Missouri,42.2,162,1241
88390,3.9,Online Ad,9,2024-07-24,527,Public Policy Institute of California,Wyoming,40.7,142,214
88715,3.4,Online Panel,8,2024-09-14,1049,Marist College,Indiana,54.9,163,576
88647,3.8,Mixed Voting,4,2024-07-21,820,High Point University Survey Research Center,Florida,37.5,119,308
88526,3.4,Online Ad,6,2024-10-19,2795,Mason-Dixon Polling & Strategy,Texas,49.3,193,1378
88514,2.7,Live Phone,6,2024-10-26,819,Christopher Newport University Wason Center for Civic Leadership,Nevada,40.7,200,334
88372,2.9,Online Ad,5,2024-08-13,882,The Washington Post/University of Maryland Center for Democracy and Civic Engagement,Texas,48.2,106,425
88801,2.6,Online Panel,6,2024-08-01,3005,CNN/SSRS,National,44.1,119,1324
88534,2.5,Online Ad,6,2024-09-18,3462,Muhlenberg College Institute of Public Opinion,South Carolina,44.5,121,1541
88412,3.6,Online Ad,4,2024-10-26,1661,YouGov Blue,Alabama,45.2,171,751
88459,3.1,Live Phone,9,2024-08-22,743,Elon University,Missouri,40.8,100,303
88697,4,Online Panel,7,2024-08-23,2812,AtlasIntel,Washington,37.4,184,1050
88962,3.7,Live Phone,10,2024-08-30,2031,YouGov/Center for Working Class Politics,Washington,38.8,86,788
88964,2.6,Online Ad,9,2024-10-05,2481,The Washington Post/George Mason University Schar School of Policy and Government,New York,49.7,167,1234
88858,2.6,Online Ad,9,2024-08-06,2243,Siena College,Alaska,39.9,172,896
88222,3.6,Live Phone,10,2024-07-30,1401,Marist College,Utah,50.1,123,702
88284,3.7,Online Panel,6,2024-07-25,2626,Public Policy Institute of California,Wisconsin,38.9,113,1022
88376,3.7,Online Panel,8,2024-09-22,1454,Muhlenberg College Institute of Public Opinion,Alabama,44.2,98,643
88683,3.8,Mixed Voting,7,2024-10-02,2546,The New York Times/Siena College,Arizona,38.7,191,986
88717,3,Live Phone,6,2024-10-19,1295,The Washington Post/George Mason University Schar School of Policy and Government,South Dakota,38.3,94,496
88435,3.3,Online Ad,5,2024-08-26,2073,Elon University,South Carolina,46.9,107,973
88122,3.8,Online Ad,9,2024-09-14,1043,Marist College,Oklahoma,37.1,130,387
88222,3.2,Mixed Voting,4,2024-09-04,649,Christopher Newport University Wason Center for Civic Leadership,Texas,41.4,181,269
88412,3,Online Panel,5,2024-10-07,804,Beacon Research/Shaw & Company Research,Pennsylvania,51.9,156,417
88720,3.8,Online Ad,6,2024-09-24,2906,Elon University,Vermont,38,180,1105
88164,2.5,Online Ad,10,2024-09-03,2578,University of New Hampshire Survey Center,Delaware,37.8,152,973
88247,2.9,Online Panel,5,2024-10-01,1767,SurveyUSA/High Point University Survey Research Center,Ohio,39.8,105,704
88717,3.2,Live Phone,10,2024-08-01,2890,YouGov/Center for Working Class Politics,Nebraska,35.1,153,1015
88030,2.5,Online Panel,6,2024-07-18,2786,YouGov,Idaho,42.4,170,1182
88777,3.1,Online Ad,7,2024-10-15,397,University of North Florida Public Opinion Research Lab,Indiana,51.1,182,203
88208,4,Live Phone,10,2024-08-07,2975,Marquette University Law School,Kentucky,39.1,146,1162
88068,2.9,Live Phone,7,2024-08-14,999,University of New Hampshire Survey Center,Minnesota,47.9,157,478
88102,3.8,Live Phone,9,2024-09-16,1075,Data Orbital,Delaware,36.4,194,392
88288,3.5,Online Ad,5,2024-08-04,2443,The Washington Post,California,40.5,144,989
88833,3.3,Live Phone,10,2024-08-13,3293,The Washington Post,Michigan,47.1,91,1552
88719,3.9,Online Panel,7,2024-09-24,2644,Remington Research Group,Ohio,40.6,107,1074
88381,2.9,Live Phone,6,2024-10-26,1171,Muhlenberg College Institute of Public Opinion,Idaho,38.1,158,446
88592,3.2,Mixed Voting,7,2024-09-24,2443,CNN/SSRS,Indiana,53.6,129,1310
88489,2.5,Online Panel,8,2024-08-26,1924,SurveyUSA,Hawaii,54.6,169,1051
88501,3.3,Online Panel,7,2024-08-14,3055,Selzer & Co.,Oregon,50.5,139,1543
88206,3.1,Online Panel,10,2024-10-05,1155,Data Orbital,Wisconsin,48.8,185,564
88777,3.1,Live Phone,7,2024-10-18,980,AtlasIntel,New Jersey,39.1,108,383
88550,3.6,Online Ad,4,2024-07-16,1073,YouGov/Center for Working Class Politics,Arkansas,51.4,151,551
88504,4,Live Phone,10,2024-10-08,3181,Roanoke College Institute for Policy and Opinion Research,Connecticut,38,192,1208
88059,2.6,Live Phone,5,2024-09-14,3133,Selzer & Co.,District of Columbia,50,167,1566
88528,2.9,Mixed Voting,6,2024-09-27,3050,Beacon Research/Shaw & Company Research,New Mexico,49.9,176,1521
88816,3.5,Live Phone,6,2024-09-13,577,Elon University,Connecticut,45.1,191,260
88524,3.9,Online Panel,4,2024-10-14,3301,Siena College,Oklahoma,53.6,94,1771
88418,3.8,Mixed Voting,4,2024-08-09,1360,Mason-Dixon Polling & Strategy,Oklahoma,44.4,187,604
88551,3.1,Online Ad,9,2024-09-10,3169,Data Orbital,Alaska,41.4,114,1312
88061,3.1,Online Ad,4,2024-08-06,1020,Selzer & Co.,Illinois,49.3,133,503
88555,3.4,Online Ad,4,2024-09-18,2943,Public Policy Institute of California,Arkansas,38.2,130,1124
88629,3.2,Online Panel,6,2024-10-13,311,Data Orbital,North Dakota,44.1,189,137
88354,2.5,Live Phone,10,2024-07-20,1799,Suffolk University,Ohio,43,109,773
88623,2.8,Mixed Voting,10,2024-09-14,2043,Quinnipiac University,Nevada,47.4,128,968
88126,3.8,Online Ad,8,2024-07-19,336,Selzer & Co.,Colorado,36.4,148,122
88299,2.8,Online Panel,10,2024-10-27,1309,SurveyUSA,Montana,47.8,117,625
88722,3,Online Ad,6,2024-07-18,2585,Quinnipiac University,Wisconsin,41.6,138,1076
88006,3.4,Online Panel,4,2024-09-25,2510,University of New Hampshire Survey Center,Nebraska,46.2,174,1159
88508,3.4,Online Panel,10,2024-07-28,1647,Mason-Dixon Polling & Strategy,Wisconsin,39.8,170,656
88845,3.6,Online Ad,5,2024-10-10,867,Roanoke College Institute for Policy and Opinion Research,Rhode Island,53.1,98,460
88866,3.8,Live Phone,9,2024-10-16,1494,YouGov,Florida,40.4,85,603
88761,2.8,Live Phone,4,2024-10-21,1297,Muhlenberg College Institute of Public Opinion,Arkansas,50.1,190,649
88623,3,Live Phone,10,2024-08-07,2521,University of Massachusetts Lowell Center for Public Opinion/YouGov,Rhode Island,53.1,94,1339
88880,2.5,Live Phone,7,2024-07-25,1580,MassINC Polling Group,Missouri,40.9,108,646
88987,2.8,Mixed Voting,9,2024-08-28,2023,Marquette University Law School,New Mexico,49.2,106,995
88403,3.1,Mixed Voting,8,2024-09-18,542,YouGov/Center for Working Class Politics,North Carolina,50,118,271
88036,3,Online Panel,7,2024-10-15,1705,MassINC Polling Group,Connecticut,51.6,94,879
88311,3.8,Online Ad,8,2024-10-16,1925,YouGov,Nevada,44.4,117,854
88211,3,Mixed Voting,8,2024-08-14,1732,YouGov Blue,Minnesota,36,104,624
88746,3,Online Panel,8,2024-07-21,1826,Selzer & Co.,Rhode Island,36.7,101,670
88550,3.4,Online Ad,10,2024-10-20,1607,Emerson College,Michigan,45.7,129,734
88040,3.1,Online Panel,7,2024-10-28,3216,East Carolina University Center for Survey Research,Rhode Island,49.8,147,1601
88788,2.5,Online Panel,9,2024-08-17,858,The New York Times/Siena College,New Jersey,47,118,403
88804,3.1,Online Ad,4,2024-09-22,890,High Point University Survey Research Center,Maine,51.4,183,458
88761,3.4,Live Phone,8,2024-10-03,1409,Remington Research Group,Colorado,54.1,192,762
88383,2.5,Mixed Voting,8,2024-09-01,530,Marist College,Maryland,41.3,185,219
88281,3.3,Live Phone,7,2024-09-18,2444,Selzer & Co.,South Carolina,49.7,141,1215
88604,2.9,Mixed Voting,5,2024-10-23,886,Marquette University Law School,Illinois,36.6,137,325
88556,3,Mixed Voting,8,2024-10-27,1414,Siena College,Kansas,47.1,179,666
88948,2.6,Live Phone,10,2024-09-05,2510,Data Orbital,Nebraska,43.9,134,1102
88103,3.7,Online Ad,9,2024-09-11,1409,The Washington Post/George Mason University Schar School of Policy and Government,Arizona,47.6,90,671
88399,2.5,Live Phone,7,2024-09-19,2014,The Washington Post/George Mason University Schar School of Policy and Government,Ohio,54.2,186,1091
88079,3.2,Online Panel,4,2024-10-06,434,YouGov Blue,New Jersey,48,168,209
88199,3.1,Mixed Voting,5,2024-08-22,2870,Mason-Dixon Polling & Strategy,District of Columbia,37.2,123,1069
88275,2.7,Online Panel,8,2024-08-04,2318,Data Orbital,Nebraska,54.9,157,1272
88397,4,Live Phone,6,2024-07-19,1856,University of North Florida Public Opinion Research Lab,Rhode Island,45.4,127,843
88262,2.7,Mixed Voting,5,2024-08-05,1196,University of North Florida Public Opinion Research Lab,Georgia,50.9,135,608
88326,2.5,Online Ad,7,2024-07-24,1217,Selzer & Co.,New Hampshire,46.9,162,570
88505,2.7,Mixed Voting,7,2024-09-10,2635,East Carolina University Center for Survey Research,Idaho,40.9,102,1079
88266,3.2,Live Phone,8,2024-07-16,1458,The Washington Post,National,53.8,162,785
88509,2.7,Online Ad,8,2024-10-21,1138,University of California Berkeley Institute of Governmental Studies,Oklahoma,53.8,179,612
88759,2.8,Mixed Voting,8,2024-08-02,2926,University of California Berkeley Institute of Governmental Studies,Delaware,39.9,91,1167
88079,2.6,Live Phone,6,2024-08-18,2856,University of North Florida Public Opinion Research Lab,Alabama,41.4,165,1181
88640,3.8,Mixed Voting,4,2024-08-14,2696,Suffolk University,Vermont,35.5,160,957
88353,3,Mixed Voting,10,2024-10-09,3118,AtlasIntel,Iowa,37.9,186,1180
88171,3.8,Online Ad,6,2024-08-28,2524,Roanoke College Institute for Policy and Opinion Research,Missouri,52.6,159,1326
88945,3.8,Online Ad,7,2024-10-07,3024,Winthrop University Center for Public Opinion & Policy Research,Missouri,39.3,134,1188
88980,4,Online Ad,7,2024-09-07,2130,Selzer & Co.,Virginia,43.5,127,927
88639,3.7,Mixed Voting,8,2024-09-15,711,The New York Times/Siena College,South Carolina,43.2,143,307
88759,3,Live Phone,10,2024-09-24,911,YouGov/Center for Working Class Politics,Missouri,37.6,148,342
88432,2.5,Mixed Voting,10,2024-07-23,3047,Emerson College,South Dakota,47.1,155,1436
88468,2.9,Mixed Voting,6,2024-10-22,1054,University of New Hampshire Survey Center,Kentucky,36.7,89,387
88041,2.9,Online Ad,5,2024-10-15,3182,Emerson College,Florida,47.2,96,1502
88034,2.9,Live Phone,10,2024-10-19,2882,Siena College,Illinois,53.9,115,1552
88573,3.7,Mixed Voting,7,2024-09-10,1985,Public Policy Institute of California,Kentucky,50.8,173,1008
88226,2.7,Live Phone,4,2024-08-26,1107,East Carolina University Center for Survey Research,Massachusetts,41.9,159,464
88225,2.9,Mixed Voting,5,2024-10-29,1870,High Point University Survey Research Center,Idaho,43.1,125,806
88822,2.6,Mixed Voting,6,2024-09-25,1465,Winthrop University Center for Public Opinion & Policy Research,Arkansas,48.2,177,706
88977,3.7,Live Phone,6,2024-10-23,2914,Marist College,Idaho,49.5,170,1443
88379,2.8,Live Phone,4,2024-08-29,3008,Remington Research Group,New Hampshire,42.7,173,1286
88922,2.8,Online Ad,5,2024-10-26,3341,Data Orbital,Vermont,50.7,193,1696
88721,3.6,Online Panel,9,2024-08-03,3443,The Washington Post/George Mason University Schar School of Policy and Government,Alabama,36.9,131,1269
88265,2.8,Live Phone,8,2024-10-28,3016,Roanoke College Institute for Policy and Opinion Research,California,37.7,188,1137
88436,2.9,Online Panel,6,2024-09-25,974,AtlasIntel,Idaho,42,107,410
88707,3.2,Mixed Voting,8,2024-09-23,977,Marist College,Illinois,39.8,174,389
88608,4,Online Panel,7,2024-07-25,2247,Christopher Newport University Wason Center for Civic Leadership,West Virginia,37,101,830
88434,3.7,Online Panel,7,2024-10-18,782,Public Policy Institute of California,Montana,49.5,189,387
88205,3.2,Live Phone,6,2024-09-06,2233,Emerson College,Arkansas,39.6,143,885
88972,4,Live Phone,6,2024-07-25,3003,University of Massachusetts Lowell Center for Public Opinion/YouGov,Washington,49.5,171,1485
88391,3.6,Online Ad,8,2024-09-03,490,University of New Hampshire Survey Center,Maine,41.1,151,202
88374,4,Mixed Voting,8,2024-07-29,731,The Washington Post,Minnesota,44.3,148,324
88974,3.6,Mixed Voting,8,2024-10-26,2744,Marquette University Law School,South Carolina,45.7,117,1254
88532,3.2,Online Ad,9,2024-10-01,2566,The New York Times/Siena College,Nebraska,40.2,182,1031
88463,4,Mixed Voting,5,2024-08-12,1088,Beacon Research/Shaw & Company Research,New Hampshire,45.2,137,492
88689,3.2,Live Phone,8,2024-08-11,3485,Roanoke College Institute for Policy and Opinion Research,Maryland,53.2,115,1854
88481,2.5,Online Ad,7,2024-09-04,3362,Muhlenberg College Institute of Public Opinion,Iowa,48,198,1615
88688,3.2,Online Panel,10,2024-07-22,2108,SurveyUSA/High Point University Survey Research Center,Arizona,41.3,178,870
88391,3.8,Online Panel,6,2024-08-30,3090,SurveyUSA,Missouri,37.2,88,1150
88760,3.8,Online Panel,5,2024-09-20,3500,Winthrop University Center for Public Opinion & Policy Research,Alaska,47.1,160,1650
88931,2.7,Live Phone,6,2024-10-26,881,The Washington Post/University of Maryland Center for Democracy and Civic Engagement,Vermont,36,154,317
